video_id,frame_num,type,age,resources_wood,resources_food,resources_gold,resources_stone,villagers_wood,villagers_food,villagers_gold,villagers_stone,villagers_total,villagers_idle,population_current,population_maximum,age_numeral,age_text,metadata_home,metadata_away,metadata_desc,metadata_metadate,metadata_wins,metadata_losses,gametime_hours,gametime_minutes,gametime_seconds,top_player_number,top_player_name,top_player_score_individual,top_player_score_team,top_player_age_numeral,bottom_player_number,bottom_player_name,bottom_player_score_individual,bottom_player_score_team,bottom_player_age_numeral,selected_info_player_name,selected_info_civilization
naNjOZYbAE4,14253,click,Feudal Age,85.0,8.0,100.0,200.0,3.0,15.0,0.0,0.0,18.0,0.0,19.0,20.0,I,Feudal Age,Hera,Opponents,Ranked,16 April 2025,0,0,0.0,6.0,21.0,2.0,TAG_MbL_,536.0,536.0,I,1.0,GL.Hera,521.0,521.0,I,GL.Hera,Franks
naNjOZYbAE4,36370,click,Castle Age,51.0,113.0,34.0,200.0,8.0,15.0,5.0,0.0,33.0,0.0,35.0,50.0,II,Castle Age,Hera,Opponents,Ranked,16 April 2025,0,0,0.0,16.0,20.0,2.0,TAG_MbL_,1598.0,1598.0,II,1.0,GL.Hera,1476.0,1476.0,II,GL.Hera,Franks
naNjOZYbAE4,77601,click,Imperial Age,508.0,68.0,17.0,0.0,31.0,36.0,8.0,0.0,85.0,0.0,98.0,120.0,III,Imperial Age,Hera,Opponents,Ranked,16 April 2025,0,0,0.0,29.0,9.0,1.0,GL.Hera,4248.0,4248.0,III,2.0,TAG_MbL_,3647.0,3647.0,III,,
naNjOZYbAE4,158,start,Dark Age,200.0,200.0,100.0,200.0,,,,,,3.0,4.0,5.0,I,Dark Age,Hera,Opponents,Ranked,16 April 2025,0,0,0.0,10.0,0.0,,GL_Hera,,,I,,,,,I,,
naNjOZYbAE4,19006,start,Feudal Age,228.0,262.0,100.0,200.0,10.0,6.0,0.0,0.0,18.0,0.0,19.0,20.0,II,Feudal Age,Hera,Opponents,Ranked,16 April 2025,0,0,0.0,8.0,30.0,2.0,TAG_MbL_,657.0,657.0,I,1.0,GL.Hera,626.0,626.0,I,GL.Hera,Franks
naNjOZYbAE4,42220,start,Castle Age,634.0,829.0,360.0,200.0,16.0,13.0,4.0,0.0,33.0,0.0,34.0,65.0,III,Castle Age,Hera,Opponents,Ranked,16 April 2025,0,0,0.0,18.0,58.0,2.0,TAG_MbL_,1811.0,1811.0,II,1.0,GL.Hera,1789.0,1789.0,II,,
naNjOZYbAE4,108803,final,n/a,443.0,418.0,487.0,856.0,40.0,40.0,37.0,26.0,144.0,1.0,,,IV,Imperial Age,Hera,Opponents,Ranked,16 April 2025,0,0,0.0,42.0,15.0,,GL.Hera,15.0,15.0,IV,,,,,IV,,
Zjr2ptsFcQQ,15084,click,Feudal Age,95.0,4.0,50.0,200.0,3.0,12.0,2.0,0.0,18.0,0.0,19.0,20.0,I,Feudal Age,Hera,Opponents,Ranked,12 April 2025,0,0,0.0,6.0,43.0,1.0,弈风摄影,552.0,552.0,I,2.0,GL.Hera,540.0,540.0,I,GL.Hera,Vikings
Zjr2ptsFcQQ,43687,click,Castle Age,217.0,4.0,12.0,200.0,8.0,21.0,8.0,0.0,38.0,0.0,50.0,55.0,II,Castle Age,Hera,Opponents,Ranked,12 April 2025,0,0,0.0,19.0,38.0,2.0,GL.Hera,2059.0,2059.0,II,1.0,,1936.0,1936.0,II,GL.Hera,Vikings
Zjr2ptsFcQQ,174,start,Dark Age,200.0,200.0,100.0,200.0,,,,,3.0,3.0,4.0,5.0,I,Dark Age,Hera,Opponents,Ranked,12 April 2025,0,0,10.0,0.0,0.0,,,,,I,,GL.Hera,,,I,,
Zjr2ptsFcQQ,19838,start,Feudal Age,231.0,176.0,44.0,200.0,8.0,7.0,2.0,0.0,18.0,0.0,21.0,25.0,II,Feudal Age,Hera,Opponents,Ranked,12 April 2025,0,0,0.0,8.0,52.0,,,724.0,724.0,II,2.0,GL.Hera,711.0,711.0,I,GL.Hera,Vikings
Zjr2ptsFcQQ,49534,start,Castle Age,202.0,594.0,493.0,200.0,13.0,16.0,8.0,0.0,38.0,0.0,45.0,55.0,III,Castle Age,Hera,Opponents,Ranked,12 April 2025,0,0,0.0,22.0,16.0,2.0,GL.Hera,2301.0,2301.0,II,1.0,清风凝影,2203.0,2203.0,II,,
Zjr2ptsFcQQ,84610,final,n/a,270.0,757.0,181.0,0.0,0.0,0.0,0.0,0.0,63.0,63.0,82.0,90.0,III,Castle Age,Hera,Opponents,Ranked,12 April 2025,0,0,0.0,37.0,24.0,1.0,用风泯影,5645.0,5645.0,III,2.0,GL.Hera,4.0,4.0,III,,
SwXYUEU0C2Y,14253,click,Feudal Age,65.0,5.0,50.0,200.0,2.0,15.0,0.0,0.0,17.0,0.0,18.0,20.0,I,Feudal Age,Hera,Opponents,Ranked,Feb 11th 2025,7,3,0.0,6.0,22.0,2.0,GL.Hera,562.0,562.0,I,3.0,DS_Uzzzi,505.0,505.0,I,GL.Hera,Bengalis
SwXYUEU0C2Y,44010,click,Castle Age,298.0,193.0,136.0,200.0,14.0,16.0,7.0,0.0,38.0,0.0,47.0,70.0,II,Castle Age,Hera,Opponents,Ranked,Feb 11th 2025,7,3,0.0,19.0,48.0,2.0,GL.Hera,1950.0,1950.0,II,3.0,DS_Uzzi,1902.0,1902.0,II,,
SwXYUEU0C2Y,80666,click,Imperial Age,326.0,39.0,189.0,551.0,28.0,21.0,43.0,0.0,98.0,5.0,126.0,150.0,III,Imperial Age,Hera,Opponents,Ranked,Feb 11th 2025,7,3,0.0,36.0,21.0,2.0,GL.Hera,5826.0,5826.0,III,3.0,DS_Uzzi,4269.0,4269.0,III,,
SwXYUEU0C2Y,120,start,Dark Age,200.0,200.0,100.0,200.0,0.0,0.0,,,3.0,3.0,4.0,5.0,I,Dark Age,Hera,Opponents,Ranked,Feb 11th 2025,7,3,0.0,0.0,0.0,,JDS_Vuzz,0.0,0.0,I,2.0,GL.Hera,0.0,0.0,I,,
SwXYUEU0C2Y,19004,start,Feudal Age,115.0,318.0,50.0,200.0,8.0,5.0,0.0,0.0,19.0,0.0,20.0,20.0,II,Feudal Age,Hera,Opponents,Ranked,Feb 11th 2025,7,3,0.0,8.0,31.0,3.0,DS_Uzzi,710.0,710.0,II,2.0,GL.Hera,608.0,608.0,I,GL.Hera,Bengalis
SwXYUEU0C2Y,49859,start,Castle Age,792.0,490.0,366.0,200.0,10.0,17.0,8.0,0.0,36.0,0.0,49.0,85.0,III,Castle Age,Hera,Opponents,Ranked,Feb 11th 2025,7,3,0.0,22.0,26.0,2.0,GL.Hera,2254.0,2254.0,II,3.0,DS_Uzzi,2075.0,2075.0,II,,
SwXYUEU0C2Y,88665,final,n/a,501.0,110.0,1476.0,1.0,44.0,24.0,41.0,0.0,114.0,10.0,139.0,170.0,IV,Imperial Age,Hera,Opponents,Ranked,Feb 11th 2025,7,3,0.0,39.0,35.0,2.0,GL.Hera,6979.0,6979.0,IV,,,,,III,,
O2MUVlauaps,14367,click,Feudal Age,94.0,6.0,150.0,200.0,2.0,16.0,0.0,0.0,18.0,0.0,19.0,20.0,I,Feudal Age,Hera,Opponents,Ranked,Feb 11th 2025,8,3,0.0,6.0,18.0,1.0,GL.Hera,584.0,584.0,I,2.0,TAG_MbL_,522.0,522.0,I,,
O2MUVlauaps,36788,click,Castle Age,99.0,29.0,44.0,200.0,8.0,15.0,10.0,0.0,35.0,1.0,42.0,50.0,II,Castle Age,Hera,Opponents,Ranked,Feb 11th 2025,8,3,0.0,16.0,25.0,2.0,TAG_MbL_,1603.0,1603.0,II,1.0,GL.Hera,1589.0,1589.0,II,,
O2MUVlauaps,63619,click,Imperial Age,102.0,30.0,227.0,50.0,21.0,42.0,19.0,0.0,86.0,1.0,102.0,145.0,III,Imperial Age,Hera,Opponents,Ranked,Feb 11th 2025,8,3,0.0,28.0,32.0,1.0,GL.Hera,3900.0,3900.0,III,2.0,TAG_MbL_,3862.0,3862.0,III,GL.Hera,Aztecs
O2MUVlauaps,385,start,Dark Age,200.0,200.0,150.0,200.0,,0.0,,,3.0,3.0,4.0,5.0,I,Dark Age,Hera,Opponents,Ranked,Feb 11th 2025,8,3,0.0,0.0,0.0,,GL.Hera,180.0,180.0,I,,TAG_MbL_,176.0,176.0,I,,
O2MUVlauaps,19119,start,Feudal Age,156.0,287.0,150.0,200.0,8.0,8.0,0.0,0.0,18.0,0.0,19.0,20.0,II,Feudal Age,Hera,Opponents,Ranked,Feb 11th 2025,8,3,0.0,8.0,27.0,1.0,GL.Hera,723.0,723.0,I,2.0,TAG_MbL_,57.0,571.0,I,GL.Hera,Aztecs
O2MUVlauaps,42636,start,Castle Age,527.0,590.0,440.0,200.0,12.0,8.0,10.0,0.0,35.0,0.0,45.0,55.0,III,Castle Age,Hera,Opponents,Ranked,Feb 11th 2025,8,3,0.0,19.0,4.0,1.0,GL.Hera,1823.0,1823.0,II,2.0,TAG_MbL_,1745.0,1745.0,II,,
O2MUVlauaps,71268,start,Imperial Age,156.0,418.0,145.0,322.0,20.0,13.0,27.0,17.0,89.0,10.0,114.0,170.0,IV,Imperial Age,Hera,Opponents,Ranked,Feb 11th 2025,8,3,0.0,31.0,59.0,1.0,GL.Hera,4888.0,4888.0,IV,7.0,TAG_MbL_,4839.0,4839.0,III,,
O2MUVlauaps,130324,final,n/a,275.0,1000.0,270.0,363.0,67.0,42.0,10.0,3.0,136.0,1.0,198.0,200.0,IV,Imperial Age,Hera,Opponents,Ranked,Feb 11th 2025,8,3,0.0,57.0,54.0,,GL.Hera,,,IV,6.0,TAG_MbL_,,,IV,TAG_Kng_ (Bengalis),
msp3SNcDpj8,15982,click,Feudal Age,45.0,12.0,50.0,200.0,6.0,12.0,0.0,0.0,19.0,0.0,20.0,25.0,I,Feudal Age,Hera,Opponents,Ranked,27 Feb 2025,1,1,0.0,7.0,7.0,2.0,TAG_Sora Kuma,583.0,583.0,I,1.0,GL.Hera,566.0,566.0,I,,
msp3SNcDpj8,51516,click,Castle Age,99.0,3.0,83.0,200.0,16.0,21.0,3.0,0.0,44.0,2.0,64.0,90.0,II,Castle Age,Hera,Opponents,Ranked,27 Feb 2025,1,1,0.0,23.0,9.0,1.0,GL.Hera,2421.0,2421.0,II,2.0,TAG_Sora Kuma,2314.0,2314.0,II,,
msp3SNcDpj8,99492,click,Imperial Age,775.0,214.0,413.0,772.0,25.0,42.0,19.0,9.0,109.0,0.0,142.0,185.0,III,Imperial Age,Hera,Opponents,Ranked,27 Feb 2025,1,1,0.0,44.0,21.0,1.0,GL.Hera,7307.0,7307.0,III,2.0,TAG_Sora Kuma,5997.0,5997.0,III,,
msp3SNcDpj8,197,start,Dark Age,200.0,200.0,100.0,200.0,0.0,,,0.0,,3.0,4.0,5.0,I,Dark Age,Hera,Opponents,Ranked,27 Feb 2025,1,1,0.0,0.0,0.0,,TAG_Sora_krw,180.0,180.0,I,,GL.Hera,176.0,176.0,I,,
msp3SNcDpj8,20733,start,Feudal Age,386.0,177.0,11.0,200.0,6.0,11.0,2.0,0.0,19.0,0.0,22.0,30.0,II,Feudal Age,Hera,Opponents,Ranked,27 Feb 2025,1,1,0.0,9.0,16.0,2.0,TAG_Sora Kuma,849.0,849.0,II,1.0,GL.Hera,753.0,753.0,I,,
msp3SNcDpj8,57366,start,Castle Age,418.0,463.0,145.0,200.0,17.0,22.0,3.0,0.0,44.0,0.0,73.0,95.0,III,Castle Age,Hera,Opponents,Ranked,27 Feb 2025,1,1,0.0,25.0,48.0,1.0,GL.Hera,27.0,27.0,II,2.0,TAG_Sora Kuma,277.0,277.0,III,,
msp3SNcDpj8,108376,start,Imperial Age,618.0,686.0,384.0,295.0,34.0,52.0,27.0,6.0,132.0,1.0,152.0,200.0,IV,Imperial Age,Hera,Opponents,Ranked,27 Feb 2025,1,1,0.0,48.0,25.0,1.0,GL.Hera,8894.0,8894.0,IV,2.0,TAG_Sora Kuma,7765.0,7765.0,IV,GL.Hera,Dravidians
msp3SNcDpj8,126931,final,n/a,,1573.0,,,,,10.0,,,8.0,,,IV,Imperial Age,Hera,Opponents,Ranked,27 Feb 2025,1,1,0.0,51.0,6.0,,,,,I,,,,,,,
IpVxkZvNOmo,28684,click,Feudal Age,106.0,8.0,69.0,200.0,10.0,15.0,2.0,0.0,27.0,0.0,30.0,40.0,I,Feudal Age,Hera,Opponents,Ranked,27 Feb 2025,6,2,0.0,12.0,52.0,1.0,GL.Hera,1014.0,1014.0,I,2.0,_LY_ 耸耷肥龙,1007.0,1007.0,II,,
IpVxkZvNOmo,53959,click,Castle Age,251.0,4.0,84.0,200.0,17.0,19.0,7.0,0.0,43.0,0.0,68.0,85.0,II,Castle Age,Hera,Opponents,Ranked,27 Feb 2025,6,2,0.0,24.0,17.0,2.0,_LY,2400.0,2400.0,III,1.0,GL.Hera,2345.0,2345.0,II,,
IpVxkZvNOmo,145,start,Dark Age,200.0,200.0,100.0,200.0,0.0,,0.0,1.0,3.0,,4.0,5.0,I,Dark Age,Hera,Opponents,Ranked,27 Feb 2025,6,2,0.0,40.0,0.0,,GL.Hera,,,II,,LN,,,,,
IpVxkZvNOmo,33436,start,Feudal Age,456.0,376.0,149.0,200.0,10.0,7.0,2.0,0.0,27.0,0.0,28.0,35.0,II,Feudal Age,Hera,Opponents,Ranked,27 Feb 2025,6,2,0.0,15.0,1.0,2.0,_LY_ 斗智肥应,1404.0,1404.0,II,1.0,GL.Hera,1102.0,1102.0,I,,
IpVxkZvNOmo,59807,start,Castle Age,282.0,297.0,135.0,200.0,12.0,17.0,10.0,0.0,41.0,1.0,67.0,100.0,III,Castle Age,Hera,Opponents,Ranked,27 Feb 2025,6,2,0.0,26.0,55.0,2.0,_LY,2799.0,2799.0,III,1.0,GL.Hera,2587.0,2587.0,II,,
IpVxkZvNOmo,95239,final,n/a,275.0,527.0,835.0,550.0,,25.0,24.0,16.0,82.0,6.0,138.0,195.0,III,Castle Age,Hera,Opponents,Ranked,27 Feb 2025,6,2,0.0,41.0,44.0,,GL.Hera,,,III,,,,,,,
cTvp1VCMnHo,13476,click,Feudal Age,65.0,22.0,100.0,200.0,4.0,13.0,0.0,0.0,18.0,0.0,19.0,20.0,I,Feudal Age,Hera,Opponents,Ranked,Feb 12th 2025,5,3,0.0,6.0,18.0,2.0,wR.Lucho,680.0,680.0,I,1.0,GL_Hera,639.0,639.0,I,GL.Hera,Teutons
cTvp1VCMnHo,71894,click,Castle Age,367.0,85.0,51.0,523.0,20.0,25.0,6.0,7.0,58.0,0.0,62.0,70.0,II,Castle Age,Hera,Opponents,Ranked,Feb 12th 2025,5,3,0.0,32.0,40.0,2.0,wR.Lucho,3781.0,3781.0,III,1.0,GL.Hera,3383.0,3383.0,II,,
cTvp1VCMnHo,0,start,Dark Age,150.0,100.0,100.0,200.0,0.0,0.0,0.0,0.0,3.0,0.0,4.0,5.0,I,Dark Age,Hera,Opponents,Ranked,Feb 12th 2025,5,3,0.0,0.0,13.0,2.0,wR.Lucho,226.0,226.0,I,1.0,GL.Hera,181.0,181.0,I,GL.Hera,Teutons
cTvp1VCMnHo,18228,start,Feudal Age,237.0,262.0,100.0,200.0,9.0,6.0,0.0,0.0,18.0,1.0,19.0,20.0,II,Feudal Age,Hera,Opponents,Ranked,Feb 12th 2025,5,3,0.0,8.0,27.0,2.0,R.Lucho,813.0,813.0,I,1.0,GL.Hera,664.0,664.0,I,,
cTvp1VCMnHo,77744,start,Castle Age,255.0,754.0,311.0,350.0,0.0,22.0,14.0,0.0,49.0,13.0,57.0,75.0,III,Castle Age,Hera,Opponents,Ranked,Feb 12th 2025,5,3,0.0,35.0,18.0,2.0,wR.Lucho,4295.0,4295.0,III,1.0,GL.Hera,3560.0,3560.0,II,,
cTvp1VCMnHo,100430,final,n/a,144.0,160.0,216.0,293.0,19.0,22.0,20.0,0.0,62.0,1.0,100.0,105.0,III,Castle Age,Hera,Opponents,Ranked,Feb 12th 2025,5,3,0.0,45.0,33.0,1.0,GL.Hera,6393.0,6393.0,III,2.0,R.Lucho,5890.0,5890.0,III,,
rR2nleqmyuM,14894,click,Feudal Age,8.0,63.0,50.0,200.0,4.0,15.0,0.0,0.0,20.0,0.0,21.0,25.0,I,Feudal Age,Hera,Opponents,Ranked,16 April 2025,1,0,0.0,6.0,38.0,1.0,GL.Hera,7.0,7.0,I,2.0,TAG_MbL_,683.0,683.0,I,,
rR2nleqmyuM,36818,click,Castle Age,297.0,35.0,6.0,200.0,12.0,17.0,7.0,0.0,37.0,0.0,44.0,60.0,II,Castle Age,Hera,Opponents,Ranked,16 April 2025,1,0,0.0,16.0,32.0,1.0,GL.Hera,1735.0,1735.0,II,2.0,TAG_MbL_,1705.0,1705.0,II,GL.Hera,Chinese
rR2nleqmyuM,72257,click,Imperial Age,639.0,483.0,148.0,657.0,22.0,30.0,28.0,13.0,102.0,9.0,110.0,155.0,III,Imperial Age,Hera,Opponents,Ranked,16 April 2025,1,0,0.0,32.0,32.0,1.0,GL.Hera,4505.0,4505.0,III,2.0,TAG_MbL_,4279.0,4279.0,III,GL.Hera,Chinese
rR2nleqmyuM,170,start,Dark Age,150.0,0.0,100.0,200.0,0.0,0.0,0.0,0.0,6.0,6.0,7.0,15.0,I,Dark Age,Hera,Opponents,Ranked,16 April 2025,1,0,0.0,0.0,0.0,,GL.Hera,181.0,181.0,I,,TAG_MbL_,167.0,167.0,I,,
rR2nleqmyuM,19648,start,Feudal Age,189.0,460.0,50.0,200.0,12.0,6.0,0.0,0.0,20.0,0.0,21.0,25.0,II,Feudal Age,Hera,Opponents,Ranked,16 April 2025,1,0,0.0,8.0,47.0,1.0,GL.Hera,795.0,795.0,I,2.0,TAG_MbL_,773.0,773.0,I,GL.Hera,Chinese
rR2nleqmyuM,42666,start,Castle Age,783.0,463.0,349.0,200.0,15.0,13.0,9.0,0.0,37.0,0.0,45.0,65.0,III,Castle Age,Hera,Opponents,Ranked,16 April 2025,1,0,0.0,19.0,10.0,1.0,GL.Hera,1963.0,1963.0,II,2.0,TAG_MbL_,1906.0,1906.0,II,GL.Hera,Chinese
rR2nleqmyuM,79203,start,Imperial Age,851.0,538.0,498.0,180.0,35.0,27.0,20.0,7.0,108.0,9.0,131.0,195.0,IV,Imperial Age,Hera,Opponents,Ranked,16 April 2025,1,0,0.0,35.0,40.0,1.0,GL.Hera,5768.0,5768.0,III,2.0,TAG_MbL_,4799.0,4799.0,III,GL.Hera,Chinese
rR2nleqmyuM,84440,final,n/a,84.0,165.0,211.0,140.0,47.0,21.0,20.0,13.0,113.0,1.0,136.0,195.0,IV,Imperial Age,Hera,Opponents,Ranked,16 April 2025,1,0,0.0,36.0,19.0,4.0,45,,,IV,,,,,III,,
2WT9FMDZaJs,20077,click,Feudal Age,178.0,80.0,60.0,200.0,8.0,16.0,0.0,0.0,24.0,0.0,27.0,30.0,I,Feudal Age,Hera,Opponents,Ranked,12 April 2025,2,2,0.0,8.0,58.0,1.0,GL.Hera,919.0,919.0,I,2.0,TAG_MbL_,886.0,886.0,II,GL.Hera,Teutons
2WT9FMDZaJs,35069,click,Castle Age,226.0,70.0,40.0,200.0,8.0,20.0,5.0,0.0,33.0,0.0,35.0,75.0,II,Castle Age,Hera,Opponents,Ranked,12 April 2025,2,2,0.0,15.0,44.0,2.0,TAG_MbL_,1515.0,1515.0,II,1.0,GL.Hera,1473.0,1473.0,II,,
2WT9FMDZaJs,107066,click,Imperial Age,622.0,529.0,419.0,750.0,11.0,73.0,39.0,8.0,132.0,0.0,169.0,200.0,III,Imperial Age,Hera,Opponents,Ranked,12 April 2025,2,2,0.0,48.0,14.0,1.0,GL.Hera,10854.0,10854.0,III,2.0,TAG_MbL_,7653.0,7653.0,III,,
2WT9FMDZaJs,191,start,Dark Age,200.0,200.0,100.0,200.0,0.0,0.0,0.0,0.0,3.0,3.0,4.0,5.0,I,Dark Age,Hera,Opponents,Ranked,12 April 2025,2,2,0.0,0.0,0.0,,GL.Hera,176.0,176.0,I,,TAG_MbL_,176.0,176.0,I,,
2WT9FMDZaJs,24829,start,Feudal Age,276.0,378.0,70.0,200.0,15.0,5.0,1.0,0.0,24.0,0.0,25.0,55.0,II,Feudal Age,Hera,Opponents,Ranked,12 April 2025,2,2,0.0,11.0,7.0,2.0,TAG_MbL_,1085.0,1085.0,II,1.0,GL.Hera,999.0,999.0,I,GL.Hera,Teutons
2WT9FMDZaJs,40916,start,Castle Age,490.0,671.0,310.0,200.0,8.0,14.0,7.0,0.0,32.0,1.0,35.0,75.0,III,Castle Age,Hera,Opponents,Ranked,12 April 2025,2,2,0.0,18.0,22.0,2.0,TAG_MbL_,1931.0,1931.0,III,1.0,GL.Hera,1656.0,1656.0,II,GL.Hera,Teutons
2WT9FMDZaJs,114310,start,Imperial Age,183.0,1118.0,1602.0,548.0,8.0,49.0,26.0,4.0,124.0,7.0,163.0,200.0,IV,Imperial Age,Hera,Opponents,Ranked,12 April 2025,2,2,0.0,51.0,27.0,1.0,GL.Hera,124.0,88.0,IV,,TAG_MbL_,,,III,,
2WT9FMDZaJs,116214,final,n/a,183.0,1118.0,1602.0,548.0,8.0,49.0,26.0,4.0,124.0,7.0,163.0,200.0,IV,Imperial Age,Hera,Opponents,Ranked,12 April 2025,2,2,0.0,51.0,27.0,,,,,IV,,,,,III,,
9GMnQ-qCKss,14220,click,Feudal Age,60.0,20.0,100.0,200.0,5.0,13.0,0.0,0.0,18.0,0.0,19.0,20.0,I,Feudal Age,Hera,Opponents,Ranked,4 feb 2025,6,4,0.0,6.0,20.0,4.0,Fox.Sebastian,624.0,624.0,I,1.0,GL.Hera,559.0,559.0,I,GL.Hera,Cumans
9GMnQ-qCKss,40914,click,Castle Age,193.0,38.0,4.0,100.0,8.0,31.0,8.0,0.0,48.0,1.0,53.0,65.0,II,Castle Age,Hera,Opponents,Ranked,4 feb 2025,6,4,0.0,18.0,23.0,1.0,GL.Hera,1981.0,1981.0,II,4.0,Fox.Sebastian,1709.0,1709.0,II,,
9GMnQ-qCKss,157,start,Dark Age,200.0,200.0,100.0,200.0,0.0,0.0,0.0,0.0,3.0,3.0,4.0,5.0,I,Dark Age,Hera,Opponents,Ranked,4 feb 2025,6,4,0.0,0.0,0.0,,Fox.Sebastian,180.0,180.0,I,,GL.Hera,176.0,176.0,I,,
9GMnQ-qCKss,18975,start,Feudal Age,259.0,333.0,50.0,200.0,8.0,9.0,0.0,0.0,18.0,0.0,19.0,30.0,II,Feudal Age,Hera,Opponents,Ranked,4 feb 2025,6,4,0.0,8.0,29.0,4.0,Fox.Sebastian,764.0,764.0,I,1.0,GL.Hera,646.0,646.0,I,GL.Hera,Cumans
9GMnQ-qCKss,46758,start,Castle Age,190.0,583.0,263.0,100.0,18.0,25.0,7.0,0.0,51.0,1.0,59.0,80.0,III,Castle Age,Hera,Opponents,Ranked,4 feb 2025,6,4,0.0,21.0,2.0,1.0,GL.Hera,2427.0,2427.0,II,4.0,Fox.Sebastian,2169.0,2169.0,III,,
9GMnQ-qCKss,61800,final,n/a,897.0,170.0,303.0,1.0,38.0,19.0,15.0,0.0,76.0,4.0,98.0,130.0,III,Castle Age,Hera,Opponents,Ranked,4 feb 2025,6,4,0.0,26.0,43.0,,GL.Hera,4153.0,4153.0,III,4.0,FoxSebasitan,,,III,,
_zLX9B7Ywbc,13236,click,Feudal Age,26.0,0.0,108.0,200.0,3.0,13.0,1.0,0.0,17.0,0.0,18.0,20.0,I,Feudal Age,Hera,Opponents,Ranked,Feb 12th 2025,5,2,0.0,5.0,53.0,1.0,GL.Hera,613.0,613.0,I,2.0,wR.Nicov,581.0,581.0,I,GL.Hera,Ethiopians
_zLX9B7Ywbc,39980,click,Castle Age,273.0,66.0,200.0,200.0,16.0,19.0,3.0,0.0,38.0,0.0,43.0,55.0,II,Castle Age,Hera,Opponents,Ranked,Feb 12th 2025,5,2,0.0,17.0,58.0,2.0,wR.Nicov,1901.0,1901.0,II,1.0,GL.Hera,1811.0,1811.0,II,,
_zLX9B7Ywbc,73988,click,Imperial Age,295.0,215.0,118.0,392.0,17.0,21.0,24.0,17.0,95.0,4.0,104.0,120.0,III,Imperial Age,Hera,Opponents,Ranked,Feb 12th 2025,5,2,0.0,33.0,19.0,2.0,wR.Nicov,5106.0,5106.0,III,1.0,GL.Hera,4510.0,4510.0,III,,
_zLX9B7Ywbc,165,start,Dark Age,200.0,200.0,100.0,200.0,0.0,0.0,0.0,0.0,3.0,3.0,4.0,5.0,I,Dark Age,Hera,Opponents,Ranked,Feb 12th 2025,5,2,0.0,0.0,0.0,,GL.Hera,176.0,176.0,I,,wk.Nicov,176.0,176.0,I,,
_zLX9B7Ywbc,17990,start,Feudal Age,243.0,299.0,208.0,200.0,8.0,6.0,1.0,0.0,17.0,0.0,18.0,20.0,II,Feudal Age,Hera,Opponents,Ranked,Feb 12th 2025,5,2,0.0,8.0,2.0,1.0,GL.Hera,739.0,739.0,I,2.0,wR.Nicov,738.0,738.0,I,GL.Hera,Ethiopians
_zLX9B7Ywbc,45829,start,Castle Age,726.0,535.0,490.0,200.0,17.0,18.0,3.0,0.0,38.0,0.0,48.0,60.0,III,Castle Age,Hera,Opponents,Ranked,Feb 12th 2025,5,2,0.0,20.0,36.0,1.0,GL.Hera,2221.0,2221.0,II,2.0,wR.Nicos,2142.0,2142.0,II,,
_zLX9B7Ywbc,236137,final,n/a,9.0,1718.0,93.0,49.0,,0.0,0.0,,112.0,112.0,128.0,200.0,IV,Imperial Age,Hera,Opponents,Ranked,Feb 12th 2025,5,2,1.0,47.0,7.0,,mR.Niko,,,IV,,GL.Hera,,,IV,Wc.Ness,Malays
JT6RUjuc8qQ,14076,click,Feudal Age,47.0,12.0,102.0,200.0,8.0,9.0,1.0,0.0,18.0,0.0,19.0,20.0,I,Feudal Age,Hera,Opponents,Ranked,Feb 12th 2025,1,1,0.0,6.0,17.0,2.0,_LY_斗鱼猜火车Yo,542.0,542.0,I,1.0,GL.Hera,506.0,506.0,I,GL.Hera,Ethiopians
JT6RUjuc8qQ,148,start,Dark Age,200.0,200.0,100.0,200.0,0.0,0.0,0.0,0.0,3.0,3.0,4.0,5.0,I,Dark Age,Hera,Opponents,Ranked,Feb 12th 2025,1,1,0.0,0.0,0.0,,GL.Hera,0.0,0.0,I,2.0,_LY_斗鱼滴火车Ya,0.0,0.0,I,,
JT6RUjuc8qQ,18828,start,Feudal Age,210.0,304.0,202.0,200.0,8.0,7.0,1.0,0.0,18.0,2.0,19.0,25.0,II,Feudal Age,Hera,Opponents,Ranked,Feb 12th 2025,1,1,0.0,8.0,25.0,2.0,_LY_斗鱼猪火车Yo,662.0,662.0,I,1.0,GL.Hera,632.0,632.0,I,GL.Hera,Ethiopians
JT6RUjuc8qQ,33832,final,n/a,,,,,,,,,,,,,I,,Hera,Opponents,Ranked,Feb 12th 2025,1,1,,,,,,,,,,,,,,,
4hpPjR6YsPQ,14343,click,Feudal Age,50.0,4.0,100.0,200.0,3.0,15.0,0.0,0.0,18.0,0.0,19.0,25.0,I,Feudal Age,Hera,Opponents,Ranked,13 Feb 2025,0,1,0.0,6.0,20.0,1.0,GL.Hera,641.0,641.0,I,2.0,Fs.miguel,571.0,571.0,I,,
4hpPjR6YsPQ,45450,click,Castle Age,331.0,37.0,90.0,0.0,12.0,19.0,5.0,0.0,36.0,0.0,38.0,50.0,II,Castle Age,Hera,Opponents,Ranked,13 Feb 2025,0,1,0.0,20.0,22.0,2.0,Fs.miguel,2163.0,2163.0,II,1.0,GL.Hera,1953.0,1953.0,II,Fs.miguel,Celts
4hpPjR6YsPQ,301,start,Dark Age,200.0,200.0,100.0,200.0,,,,,3.0,3.0,4.0,5.0,I,Dark Age,Hera,Opponents,Ranked,13 Feb 2025,0,1,0.0,0.0,0.0,,GL.Hera,176.0,176.0,I,,Fs.miguel,176.0,176.0,I,,
4hpPjR6YsPQ,19095,start,Feudal Age,315.0,364.0,150.0,200.0,12.0,4.0,0.0,0.0,18.0,2.0,19.0,25.0,II,Feudal Age,Hera,Opponents,Ranked,13 Feb 2025,0,1,0.0,8.0,28.0,1.0,GL.Hera,761.0,761.0,I,2.0,Fs.miguel,751.0,751.0,I,,
4hpPjR6YsPQ,51298,start,Castle Age,70.0,500.0,567.0,0.0,8.0,18.0,9.0,0.0,36.0,0.0,39.0,50.0,III,Castle Age,Hera,Opponents,Ranked,13 Feb 2025,0,1,0.0,23.0,1.0,2.0,Fs.miguel,2331.0,2331.0,II,1.0,GL.Hera,2319.0,2319.0,II,,
4hpPjR6YsPQ,71539,final,n/a,203.0,99.0,,1.0,4.0,12.0,,,34.0,1.0,84.0,85.0,II,Castle Age,Hera,Opponents,Ranked,13 Feb 2025,0,1,0.0,31.0,57.0,,GL.Hera,4571.0,4571.0,III,,,,,III,,
1g85tbr2bfg,15246,click,Feudal Age,110.0,140.0,50.0,200.0,8.0,10.0,0.0,0.0,18.0,0.0,19.0,20.0,I,Feudal Age,Hera,Opponents,Ranked,13 April 2025,4,0,0.0,6.0,46.0,2.0,GL.Hera,670.0,670.0,I,3.0,,609.0,609.0,I,GL.Hera,Britons
1g85tbr2bfg,35962,click,Castle Age,399.0,12.0,40.0,200.0,9.0,16.0,7.0,0.0,32.0,0.0,34.0,40.0,II,Castle Age,Hera,Opponents,Ranked,13 April 2025,4,0,0.0,16.0,6.0,5.0,Thành Cổ Quảng Trị,1559.0,1559.0,II,2.0,GL.Hera,1503.0,1503.0,II,GL.Hera,Britons
1g85tbr2bfg,78865,click,Imperial Age,67.0,248.0,190.0,52.0,21.0,44.0,9.0,0.0,89.0,5.0,115.0,125.0,III,Imperial Age,Hera,Opponents,Ranked,13 April 2025,4,0,0.0,35.0,32.0,3.0,Thành Cổ Quảng Trị,5269.0,5269.0,III,2.0,GL.Hera,5008.0,5008.0,III,,
1g85tbr2bfg,250,start,Dark Age,200.0,200.0,100.0,200.0,0.0,0.0,0.0,0.0,3.0,3.0,4.0,5.0,I,Dark Age,Hera,Opponents,Ranked,13 April 2025,4,0,0.0,0.0,0.0,,,,,I,,GL_Hera,176.0,176.0,I,,
1g85tbr2bfg,20000,start,Feudal Age,264.0,434.0,50.0,200.0,9.0,9.0,0.0,0.0,18.0,0.0,19.0,25.0,II,Feudal Age,Hera,Opponents,Ranked,13 April 2025,4,0,0.0,8.0,54.0,3.0,Thành Cổ Quảng Trị,902.0,902.0,II,2.0,GL.Hera,844.0,844.0,I,,
1g85tbr2bfg,41811,start,Castle Age,672.0,442.0,281.0,200.0,14.0,13.0,5.0,0.0,32.0,0.0,38.0,40.0,III,Castle Age,Hera,Opponents,Ranked,13 April 2025,4,0,0.0,18.0,45.0,2.0,GL.Hera,1723.0,1723.0,II,3.0,Thành Cổ Quảng Trị,1722.0,1722.0,II,,
1g85tbr2bfg,85816,start,Imperial Age,87.0,391.0,7.0,52.0,28.0,52.0,9.0,0.0,96.0,0.0,131.0,160.0,IV,Imperial Age,Hera,Opponents,Ranked,13 April 2025,4,0,0.0,38.0,43.0,2.0,GL.Hera,6746.0,6746.0,IV,3.0,Thành Cổ Quảng Trị,5798.0,5798.0,III,,
1g85tbr2bfg,140379,final,n/a,1601.0,1104.0,439.0,72.0,46.0,66.0,14.0,0.0,126.0,0.0,199.0,200.0,IV,Imperial Age,Hera,Opponents,Ranked,13 April 2025,4,0,1.0,2.0,33.0,,GL.Hera,19263.0,19263.0,IV,,,,,IV,,
a8KcFj4ADY4,17599,click,Feudal Age,44.0,75.0,50.0,200.0,4.0,15.0,0.0,0.0,20.0,0.0,21.0,25.0,I,Feudal Age,Hera,Opponents,Ranked,13 Feb 2025,2,1,0.0,7.0,32.0,2.0,GL.Hera,636.0,636.0,I,1.0,Oni.F1Re,611.0,611.0,I,GL.Hera,Slavs
a8KcFj4ADY4,39615,click,Castle Age,462.0,124.0,100.0,200.0,14.0,16.0,7.0,0.0,38.0,0.0,41.0,75.0,II,Castle Age,Hera,Opponents,Ranked,13 Feb 2025,2,1,0.0,17.0,28.0,1.0,Oni.F1Re,1799.0,1799.0,II,2.0,GL.Hera,1702.0,1702.0,II,GL.Hera,Slavs
a8KcFj4ADY4,121,start,Dark Age,200.0,200.0,100.0,200.0,,,,,,,,,I,Dark Age,Opponen,Opponents,Opportunities,,2,1,,,,,,,,,,,,,,,
a8KcFj4ADY4,22351,start,Feudal Age,192.0,277.0,50.0,200.0,12.0,7.0,0.0,0.0,20.0,0.0,21.0,35.0,II,Feudal Age,Hera,Opponents,Ranked,13 Feb 2025,2,1,0.0,9.0,41.0,1.0,Oni.F1Re,995.0,995.0,II,2.0,GL.Hera,767.0,767.0,I,GL.Hera,Slavs
a8KcFj4ADY4,45462,start,Castle Age,1046.0,489.0,289.0,200.0,14.0,20.0,4.0,0.0,38.0,0.0,47.0,75.0,III,Castle Age,Hera,Opponents,Ranked,13 Feb 2025,2,1,0.0,20.0,7.0,1.0,Oni.F1Re,2022.0,2022.0,II,2.0,GL.Hera,1999.0,1999.0,II,,
a8KcFj4ADY4,54993,final,n/a,119.0,309.0,280.0,0.0,18.0,31.0,4.0,0.0,56.0,1.0,64.0,90.0,III,Castle Age,Hera,Opponents,Ranked,13 Feb 2025,2,1,0.0,24.0,6.0,,GL.Hera,3041.0,3041.0,III,,,,,III,,
l4BzLRW7xyc,13237,click,Feudal Age,41.0,6.0,100.0,200.0,2.0,15.0,0.0,0.0,17.0,0.0,18.0,20.0,I,Feudal Age,Hera,Opponents,Ranked,Feb 12th 2025,7,3,0.0,5.0,56.0,1.0,GL.Hera,631.0,631.0,I,2.0,TAG_MbL_,519.0,519.0,I,,
l4BzLRW7xyc,64313,click,Castle Age,52.0,50.0,482.0,172.0,14.0,25.0,9.0,5.0,57.0,0.0,73.0,85.0,II,Castle Age,Hera,Opponents,Ranked,Feb 12th 2025,7,3,0.0,28.0,59.0,1.0,GL.Hera,3609.0,3609.0,II,2.0,TAG_MbL_,3035.0,3035.0,III,,
l4BzLRW7xyc,71,start,Dark Age,200.0,200.0,100.0,200.0,0.0,0.0,0.0,0.0,3.0,3.0,4.0,5.0,I,Dark Age,Hera,Opponents,Ranked,Feb 12th 2025,7,3,0.0,0.0,0.0,,GL.Hera,0.0,0.0,I,,TAG_MbL_,0.0,0.0,I,,
l4BzLRW7xyc,17991,start,Feudal Age,121.0,231.0,100.0,200.0,9.0,6.0,0.0,0.0,17.0,0.0,18.0,20.0,II,Feudal Age,Hera,Opponents,Ranked,Feb 12th 2025,7,3,0.0,8.0,5.0,1.0,GL.Heras,671.0,671.0,I,2.0,TAG_MbL_,636.0,636.0,I,GL.Hera,Hindoustanis
l4BzLRW7xyc,72052,start,Castle Age,10.0,362.0,622.0,246.0,6.0,25.0,7.0,3.0,56.0,3.0,77.0,105.0,III,Castle Age,Hera,Opponents,Ranked,Feb 12th 2025,7,3,0.0,32.0,26.0,1.0,GL.Hera,4234.0,4234.0,III,2.0,TAG_MbL_,513.0,513.0,III,,
l4BzLRW7xyc,71955,final,n/a,10.0,362.0,622.0,246.0,6.0,25.0,7.0,3.0,56.0,3.0,77.0,105.0,III,Castle Age,Hera,Opponents,Ranked,Feb 12th 2025,7,3,0.0,32.0,26.0,1.0,GL.Hera,4234.0,4234.0,III,2.0,TAG_MbL_,3503.0,3503.0,III,,
VJ9yPC-WeLU,12373,click,Feudal Age,28.0,76.0,100.0,200.0,2.0,13.0,0.0,0.0,16.0,0.0,17.0,20.0,I,Feudal Age,Hera,Opponents,Ranked,27 Feb 2025,2,1,0.0,5.0,27.0,1.0,GL.Hera,550.0,550.0,I,2.0,_LY,508.0,508.0,I,,
VJ9yPC-WeLU,295,start,Dark Age,200.0,200.0,100.0,200.0,0.0,0.0,0.0,,3.0,3.0,4.0,5.0,I,Dark Age,Hera,Opponents,Ranked,27 Feb 2025,2,1,0.0,0.0,0.0,,GL.Hera,176.0,176.0,I,1.0,LV,176.0,176.0,I,,
VJ9yPC-WeLU,17125,start,Feudal Age,150.0,212.0,100.0,200.0,8.0,6.0,0.0,0.0,16.0,0.0,17.0,25.0,II,Feudal Age,Hera,Opponents,Ranked,27 Feb 2025,2,1,0.0,7.0,35.0,1.0,GL.Hera,642.0,642.0,I,2.0,ZL_LY,557.0,557.0,I,GL.Hera,Mongols
VJ9yPC-WeLU,37140,final,n/a,,,,,,,,,,,,,,,Hera,Opponents,Ranked,27 Feb 2025,2,1,,,,,,,,,,,,,,,
gaONBkqLryA,16025,click,Feudal Age,190.0,49.0,50.0,200.0,3.0,15.0,0.0,0.0,19.0,0.0,20.0,20.0,I,Feudal Age,Hera,Opponents,7 Games,16 April 2025,1,0,0.0,7.0,9.0,1.0,GL.Hera,651.0,651.0,I,2.0,TAG_MbL_,587.0,587.0,I,,
gaONBkqLryA,41751,click,Castle Age,178.0,23.0,191.0,200.0,8.0,18.0,4.0,0.0,33.0,0.0,46.0,65.0,II,Castle Age,Hera,Opponents,7 Games,16 April 2025,1,0,0.0,18.0,45.0,2.0,TAG_MbL_,2020.0,2020.0,II,1.0,GL.Hera,1998.0,1998.0,II,,
gaONBkqLryA,80859,click,Imperial Age,454.0,164.0,48.0,929.0,33.0,49.0,19.0,8.0,117.0,2.0,150.0,155.0,III,Imperial Age,Hera,Opponents,7 Games,16 April 2025,1,0,0.0,36.0,24.0,1.0,GL.Hera,77.0,77.0,III,7.0,TAG_MbL_,521.0,521.0,IV,GL.Hera,Burgundians
gaONBkqLryA,169,start,Dark Age,200.0,200.0,100.0,200.0,0.0,0.0,0.0,0.0,3.0,3.0,4.0,5.0,I,Dark Age,Hera,Opponents,7 Games,16 April 2025,1,0,0.0,0.0,0.0,,GL.Hera,176.0,176.0,I,,TAG_MbL_,176.0,176.0,I,,
gaONBkqLryA,20780,start,Feudal Age,203.0,401.0,50.0,200.0,8.0,9.0,0.0,0.0,19.0,0.0,20.0,30.0,II,Feudal Age,Hera,Opponents,7 Games,16 April 2025,1,0,0.0,9.0,18.0,2.0,TAG_MbL_,839.0,839.0,II,1.0,GL.Hera,813.0,813.0,I,GL.Hera,Burgundians
gaONBkqLryA,47602,start,Castle Age,618.0,663.0,412.0,200.0,11.0,18.0,4.0,0.0,33.0,0.0,48.0,65.0,III,Castle Age,Hera,Opponents,7 Games,16 April 2025,1,0,0.0,21.0,24.0,1.0,GL.Hera,2460.0,2460.0,III,2.0,TAG_MbL_,2263.0,2263.0,II,,
gaONBkqLryA,87806,start,Imperial Age,937.0,2082.0,808.0,1390.0,30.0,51.0,12.0,8.0,117.0,1.0,162.0,180.0,IV,Imperial Age,Hera,Opponents,7 Games,16 April 2025,1,0,0.0,39.0,33.0,1.0,GL.Hera,7612.0,7612.0,IV,2.0,TAG_MbL_,5927.0,5927.0,IV,GL.Hera,Burgundians
gaONBkqLryA,134370,final,n/a,611.0,450.0,395.0,810.0,47.0,62.0,11.0,0.0,121.0,0.0,186.0,200.0,IV,Imperial Age,Hera,Opponents,7 Games,16 April 2025,1,0,1.0,0.0,33.0,1.0,GL.Hera,17472.0,17472.0,IV,7.0,TAG_MbL_,13603.0,13603.0,IV,,
IJpFMidQ8Ao,14418,click,Feudal Age,103.0,15.0,100.0,200.0,6.0,13.0,0.0,0.0,19.0,0.0,20.0,20.0,I,Feudal Age,Hera,Opponents,Ranked,13 April 2025,7,0,0.0,6.0,24.0,4.0,,625.0,625.0,I,1.0,GL.Hera,552.0,552.0,I,GL.Hera,Persians
IJpFMidQ8Ao,39731,click,Castle Age,350.0,36.0,58.0,200.0,16.0,16.0,9.0,0.0,41.0,0.0,57.0,65.0,II,Castle Age,Hera,Opponents,Ranked,13 April 2025,7,0,0.0,17.0,49.0,1.0,GL.Hera,1934.0,1934.0,II,1.0,Thành Cổ Quảng Trị,1713.0,1713.0,II,GL.Hera,Persians
IJpFMidQ8Ao,220,start,Dark Age,250.0,250.0,100.0,200.0,0.0,0.0,0.0,0.0,3.0,3.0,4.0,5.0,I,Dark Age,Hera,Opponents,Ranked,13 April 2025,7,0,0.0,0.0,0.0,,GL.Hera,186.0,186.0,I,,Thành,1.0,173.0,I,,
IJpFMidQ8Ao,18943,start,Feudal Age,226.0,383.0,50.0,200.0,10.0,7.0,0.0,0.0,19.0,0.0,20.0,20.0,II,Feudal Age,Hera,Opponents,Ranked,13 April 2025,7,0,0.0,8.0,26.0,1.0,GL.Hera,730.0,730.0,I,4.0,,726.0,726.0,I,GL.Hera,Persians
IJpFMidQ8Ao,45046,start,Castle Age,501.0,374.0,83.0,200.0,16.0,15.0,9.0,0.0,41.0,0.0,65.0,85.0,III,Castle Age,Hera,Opponents,Ranked,13 April 2025,7,0,0.0,20.0,13.0,1.0,GL.Hera,2199.0,2199.0,II,4.0,,2032.0,2032.0,II,,
IJpFMidQ8Ao,59652,final,n/a,,,,,,,,,,,,,III,Dark Age,Hera,Opponents,Ranked,13 April 2025,7,0,,,,,,,,,,,,,,,
B7onecg7Nuk,14056,click,Feudal Age,85.0,90.0,50.0,200.0,7.0,6.0,0.0,0.0,17.0,4.0,18.0,20.0,I,Feudal Age,Hera,Opponents,Ranked,Feb 12th 2025,2,2,0.0,6.0,17.0,1.0,GL.Hera,573.0,573.0,I,2.0,TAG_Sora_Kuma,560.0,560.0,I,GL.Hera,Berbers
B7onecg7Nuk,43056,click,Castle Age,104.0,63.0,20.0,200.0,13.0,14.0,8.0,0.0,36.0,0.0,36.0,75.0,II,Castle Age,Hera,Opponents,Ranked,Feb 12th 2025,2,2,0.0,17.0,17.0,2.0,TAG_Sora Kuma,1844.0,1844.0,II,1.0,GL.Hera,1664.0,1664.0,II,GL.Hera,Berbers
B7onecg7Nuk,125,start,Dark Age,200.0,200.0,100.0,200.0,,,,,3.0,3.0,4.0,5.0,I,Dark Age,Hera,Opponents,Ranked,Feb 12th 2025,2,2,,,,,GL.Hera,176.0,176.0,,,,,,,,
B7onecg7Nuk,23410,start,Feudal Age,221.0,318.0,50.0,200.0,9.0,7.0,0.0,0.0,17.0,1.0,18.0,25.0,II,Feudal Age,Hera,Opponents,Ranked,Feb 12th 2025,2,2,0.0,8.0,25.0,2.0,TAG_Sora_Kuma,847.0,847.0,II,1.0,GL.Hera,719.0,719.0,I,GL.Hera,Berbers
B7onecg7Nuk,48906,start,Castle Age,294.0,386.0,70.0,175.0,15.0,11.0,9.0,0.0,36.0,0.0,42.0,80.0,III,Castle Age,Hera,Opponents,Ranked,Feb 12th 2025,2,2,0.0,19.0,56.0,2.0,TAG_Sora Kuma,217.0,217.0,II,1.0,GL.Hera,1881.0,1881.0,II,,
B7onecg7Nuk,75752,final,n/a,,,,,,,,,,,,,,,Hera,Opponents,Ranked,Feb 12th 2025,2,2,,,,,,,,,,,,,,,
ryCWFbb2f2k,15888,click,Feudal Age,215.0,18.0,50.0,200.0,5.0,14.0,0.0,0.0,19.0,0.0,20.0,20.0,I,Feudal Age,Hera,Opponents,Ranked,27 Feb 2025,4,2,0.0,7.0,7.0,1.0,GL.Hera,688.0,688.0,I,2.0,LY,556.0,556.0,I,GL.Hera,Koreans
ryCWFbb2f2k,40162,click,Castle Age,132.0,22.0,102.0,200.0,18.0,12.0,5.0,0.0,36.0,0.0,47.0,65.0,II,Castle Age,Hera,Opponents,Ranked,27 Feb 2025,4,2,0.0,17.0,45.0,2.0,_LY,1905.0,1905.0,II,1.0,GL.Hera,1760.0,1760.0,II,,
ryCWFbb2f2k,107,start,Dark Age,200.0,200.0,100.0,200.0,,,,,3.0,1.0,4.0,5.0,I,Dark Age,Hera,Opponents,Ranked,27 Feb 2025,4,2,0.0,0.0,0.0,,GL.Hera,,,,,,,,I,,
ryCWFbb2f2k,21344,start,Feudal Age,327.0,372.0,50.0,200.0,8.0,10.0,0.0,0.0,19.0,0.0,20.0,25.0,II,Feudal Age,Hera,Opponents,Ranked,27 Feb 2025,4,2,0.0,9.0,16.0,2.0,_LY_ 辨音胆龙,817.0,817.0,II,1.0,GL.Hera,776.0,776.0,I,GL.Hera,Koreans
ryCWFbb2f2k,46009,start,Castle Age,535.0,133.0,179.0,200.0,17.0,14.0,0.0,0.0,35.0,4.0,50.0,95.0,III,Castle Age,Hera,Opponents,Ranked,27 Feb 2025,4,2,0.0,20.0,24.0,2.0,LY,2155.0,2155.0,II,1.0,GL.Hera,2134.0,2134.0,II,,
ryCWFbb2f2k,66635,final,n/a,372.0,295.0,52.0,833.0,20.0,25.0,,16.0,73.0,1.0,98.0,130.0,III,Castle Age,Hera,Opponents,Ranked,27 Feb 2025,4,2,0.0,28.0,59.0,,,,,III,,,,,III,,
wL7ckC9omyQ,14041,click,Feudal Age,85.0,58.0,50.0,200.0,11.0,6.0,0.0,0.0,17.0,0.0,18.0,20.0,I,Feudal Age,Hera,Opponents,Ranked,10 April 2025,3,1,0.0,6.0,17.0,1.0,GL.Hera,609.0,609.0,I,2.0,TAG_MbL_,599.0,599.0,I,,
wL7ckC9omyQ,41691,click,Castle Age,304.0,12.0,47.0,200.0,7.0,16.0,7.0,8.0,38.0,0.0,57.0,70.0,II,Castle Age,Hera,Opponents,Ranked,10 April 2025,3,1,0.0,18.0,46.0,1.0,GL.Hera,1813.0,1813.0,II,2.0,TAG_MbL_,1725.0,1725.0,II,,
wL7ckC9omyQ,107,start,Dark Age,,200.0,,200.0,,,,,,,1.0,5.0,I,Dark Age,Hera,Opponents,Ranked,10 April 2025,3,1,0.0,0.0,0.0,,GL.Hera,,,I,,,,,,,
wL7ckC9omyQ,18793,start,Feudal Age,255.0,224.0,50.0,200.0,11.0,4.0,0.0,0.0,17.0,2.0,18.0,25.0,II,Feudal Age,Hera,Opponents,Ranked,10 April 2025,3,1,0.0,8.0,26.0,1.0,GL.Hera,733.0,733.0,I,2.0,TAG_MbL_,688.0,688.0,I,GL.Hern,Koreans
wL7ckC9omyQ,47540,start,Castle Age,307.0,366.0,241.0,691.0,7.0,14.0,8.0,8.0,38.0,0.0,60.0,75.0,III,Castle Age,Hera,Opponents,Ranked,10 April 2025,3,1,0.0,21.0,24.0,2.0,TAG_MbL_,2059.0,2059.0,III,1.0,GL.Hera,1994.0,1994.0,II,,
wL7ckC9omyQ,83184,final,n/a,271.0,21.0,208.0,452.0,22.0,,25.0,3.0,73.0,12.0,86.0,130.0,III,Castle Age,Hera,Opponents,Ranked,10 April 2025,3,1,0.0,36.0,10.0,5.0,5/51,,,III,,,,,III,,
y1uol3TCsbQ,15120,click,Feudal Age,25.0,3.0,100.0,200.0,2.0,14.0,1.0,0.0,17.0,0.0,18.0,20.0,I,Feudal Age,Hera,Opponents,Ranked,Feb 12th 2025,0,1,0.0,6.0,2.0,2.0,_LY_斗鱼精英火车Yo,538.0,538.0,I,1.0,GL.Hera,533.0,533.0,I,,
y1uol3TCsbQ,44549,click,Castle Age,316.0,69.0,37.0,100.0,12.0,21.0,8.0,0.0,41.0,0.0,55.0,90.0,II,Castle Age,Hera,Opponents,Ranked,Feb 12th 2025,0,1,0.0,19.0,19.0,1.0,GL.Hera,2022.0,2022.0,II,2.0,_LY_斗鱼庸火车Yo,1886.0,1886.0,II,,
y1uol3TCsbQ,106,start,Dark Age,200.0,200.0,100.0,200.0,0.0,0.0,0.0,,3.0,3.0,4.0,5.0,I,Dark Age,Hera,Opponents,Ranked,Feb 12th 2025,0,1,0.0,0.0,0.0,,GL.Hera,0.0,0.0,I,2.0,_LY_,0.0,0.0,I,,
y1uol3TCsbQ,19871,start,Feudal Age,192.0,208.0,150.0,200.0,9.0,6.0,1.0,0.0,17.0,1.0,18.0,25.0,II,Feudal Age,Hera,Opponents,Ranked,Feb 12th 2025,0,1,0.0,8.0,11.0,1.0,GL.Hera,693.0,693.0,I,2.0,_LY_斗鱼火车Yo,603.0,603.0,I,GL.Hera,Tatars
y1uol3TCsbQ,50399,start,Castle Age,559.0,253.0,272.0,100.0,18.0,14.0,8.0,0.0,41.0,0.0,50.0,90.0,III,Castle Age,Hera,Opponents,Ranked,Feb 12th 2025,0,1,0.0,21.0,57.0,1.0,GL.Hera,2300.0,2300.0,II,2.0,LY_斗鱼猪火车Yo,2096.0,2096.0,II,GL.Hera,Tatars
y1uol3TCsbQ,73370,final,n/a,,,,,,,,,,,,,III,,Hera,Opponents,Ranked,Feb 12th 2025,0,1,,,,,,,,,,,,,,,
YCraNkeVZoo,14072,click,Feudal Age,70.0,28.0,100.0,200.0,2.0,16.0,0.0,0.0,18.0,0.0,19.0,25.0,I,Feudal Age,Hera,Opponents,Ranked,13 Feb 2025,0,0,0.0,6.0,17.0,1.0,wR.Lucho,595.0,595.0,I,2.0,GL.Hera,524.0,524.0,I,,
YCraNkeVZoo,39326,click,Castle Age,146.0,114.0,10.0,200.0,11.0,15.0,6.0,0.0,34.0,0.0,45.0,55.0,II,Castle Age,Hera,Opponents,Ranked,13 Feb 2025,0,0,0.0,17.0,41.0,1.0,wR.Lucho,1872.0,1872.0,II,2.0,GL.Hera,1870.0,1870.0,II,GL.Hera,Lithuanians
YCraNkeVZoo,73302,click,Imperial Age,233.0,50.0,22.0,0.0,30.0,24.0,7.0,0.0,69.0,2.0,92.0,110.0,III,Imperial Age,Hera,Opponents,Ranked,13 Feb 2025,0,0,0.0,33.0,1.0,1.0,wR.Lucho,,,III,2.0,GL.Hera,4395.0,4395.0,III,GL.Hera,Lithuanians
YCraNkeVZoo,128,start,Dark Age,200.0,300.0,100.0,200.0,0.0,0.0,0.0,0.0,3.0,3.0,4.0,5.0,I,Dark Age,Hera,Opponents,Ranked,13 Feb 2025,0,0,0.0,0.0,0.0,2.0,GL.Hera,186.0,186.0,I,,wR.Lucho,176.0,176.0,I,,
YCraNkeVZoo,18824,start,Feudal Age,220.0,344.0,100.0,200.0,10.0,6.0,0.0,0.0,18.0,0.0,19.0,25.0,II,Feudal Age,Hera,Opponents,Ranked,13 Feb 2025,0,0,0.0,8.0,26.0,1.0,wR.Lucho,683.0,683.0,I,2.0,GL.Hera,662.0,662.0,I,GL.Hera,Lithuanians
YCraNkeVZoo,45175,start,Castle Age,388.0,225.0,245.0,200.0,11.0,15.0,8.0,0.0,34.0,0.0,45.0,60.0,III,Castle Age,Hera,Opponents,Ranked,13 Feb 2025,0,0,0.0,20.0,19.0,2.0,GL.Heras,2267.0,2267.0,II,1.0,wR.Lucho,2011.0,2011.0,II,,
YCraNkeVZoo,83357,start,Imperial Age,685.0,240.0,93.0,0.0,42.0,30.0,14.0,4.0,91.0,1.0,127.0,175.0,IV,Imperial Age,Hera,Opponents,Ranked,13 Feb 2025,0,0,0.0,37.0,33.0,1.0,wR.Lucho,6284.0,6284.0,IV,2.0,GL.Hera,6079.0,6079.0,IV,GL.Hera,Lithuanians
YCraNkeVZoo,114941,final,n/a,1078.0,575.0,131.0,307.0,1.0,0.0,0.0,,128.0,128.0,162.0,200.0,IV,Imperial Age,Hera,Opponents,Ranked,13 Feb 2025,0,0,0.0,51.0,42.0,,vR.Lucho,12708.0,12703.0,IV,,GL.Hera,1700.0,1700.0,IV,GL.Hera,Qin
_5CjPfg93SE,15043,click,Feudal Age,137.0,9.0,50.0,125.0,3.0,14.0,0.0,0.0,18.0,0.0,19.0,20.0,I,Feudal Age,Hera,Opponents,Ranked,13 April 2025,3,0,0.0,6.0,43.0,2.0,TAG_MbL_,593.0,593.0,I,1.0,GL.Hera,501.0,501.0,I,GL.Hera,Sicilians
_5CjPfg93SE,36058,click,Castle Age,195.0,74.0,18.0,125.0,12.0,15.0,8.0,0.0,35.0,0.0,39.0,55.0,II,Castle Age,Hera,Opponents,Ranked,13 April 2025,3,0,0.0,16.0,12.0,1.0,GL.Hera,1605.0,1605.0,II,2.0,TAG_MbL_,1557.0,1557.0,II,,
_5CjPfg93SE,133,start,Dark Age,200.0,200.0,100.0,300.0,0.0,0.0,0.0,0.0,3.0,3.0,4.0,5.0,I,Dark Age,Hera,Opponents,Ranked,13 April 2025,3,0,0.0,0.0,0.0,1.0,GL.Hera,186.0,186.0,I,2.0,TAG_MbL_,180.0,180.0,I,GL.Hera,Sicilians
_5CjPfg93SE,19796,start,Feudal Age,368.0,397.0,50.0,125.0,8.0,10.0,0.0,0.0,18.0,0.0,19.0,30.0,II,Feudal Age,Hera,Opponents,Ranked,13 April 2025,3,0,0.0,8.0,52.0,1.0,GL.Hera,698.0,698.0,I,2.0,TAG_MbL_,643.0,643.0,I,,
_5CjPfg93SE,42312,start,Castle Age,122.0,238.0,248.0,25.0,14.0,9.0,8.0,0.0,35.0,0.0,39.0,55.0,III,Castle Age,Hera,Opponents,Ranked,13 April 2025,3,0,0.0,19.0,0.0,1.0,GL.Hera,2007.0,2007.0,III,7.0,TAG_MbL_,1020.0,1020.0,II,,
_5CjPfg93SE,44537,final,n/a,122.0,238.0,248.0,25.0,14.0,9.0,8.0,,35.0,0.0,39.0,55.0,III,Castle Age,Hera,Opponents,Ranked,13 April 2025,3,0,0.0,19.0,0.0,,GL.Hera,2007.0,2007.0,III,,TAG_MbL_,,,II,TAG_YML_,Aztecs
UCR6eDChhe0,15203,click,Feudal Age,51.0,76.0,50.0,200.0,8.0,12.0,0.0,0.0,20.0,0.0,21.0,25.0,I,Feudal Age,Hera,Opponents,Ranked,13 April 2025,10,0,0.0,6.0,46.0,2.0,TAG_MbL_,671.0,671.0,I,1.0,GL.Hera,653.0,653.0,I,GL.Hera,Chinese
UCR6eDChhe0,45859,click,Castle Age,102.0,147.0,104.0,14.0,10.0,21.0,4.0,0.0,44.0,0.0,61.0,85.0,II,Castle Age,Hera,Opponents,Ranked,13 April 2025,10,0,0.0,20.0,37.0,1.0,GL.Hera,2507.0,2507.0,II,2.0,TAG_MbL_,2191.0,2191.0,II,GL.Hera,Chinese
UCR6eDChhe0,173,start,Dark Age,150.0,0.0,100.0,200.0,0.0,0.0,0.0,0.0,6.0,6.0,7.0,15.0,I,Dark Age,Hera,Opponents,Ranked,13 April 2025,10,0,0.0,0.0,0.0,1.0,GL.Hera,181.0,181.0,I,2.0,TAG_MbL_,176.0,176.0,I,,
UCR6eDChhe0,19953,start,Feudal Age,246.0,395.0,50.0,200.0,8.0,10.0,0.0,0.0,20.0,0.0,21.0,25.0,II,Feudal Age,Hera,Opponents,Ranked,13 April 2025,10,0,0.0,8.0,55.0,1.0,GL.Hera,809.0,809.0,I,2.0,TAG_MbL_,751.0,751.0,I,,
UCR6eDChhe0,51710,start,Castle Age,463.0,641.0,347.0,14.0,15.0,22.0,6.0,0.0,44.0,0.0,65.0,90.0,III,Castle Age,Hera,Opponents,Ranked,13 April 2025,10,0,0.0,23.0,15.0,1.0,GL.Hera,2923.0,2923.0,II,2.0,TAG_MbL_,2403.0,2403.0,II,,
UCR6eDChhe0,69790,final,n/a,,,,,,,,,,,,,III,Dark Age,Hera,Opponents,Ranked,13 April 2025,10,0,,,,,,,,,,,,,,,
_tfx5lbUlBI,15052,click,Feudal Age,150.0,94.0,50.0,200.0,9.0,9.0,0.0,0.0,18.0,1.0,19.0,20.0,I,Feudal Age,Hera,Opponents,Ranked,Feb 11th 2025,1,1,0.0,6.0,42.0,1.0,GL.Hera,600.0,600.0,I,2.0,Fox.Sebastian,591.0,591.0,I,,
_tfx5lbUlBI,35680,click,Castle Age,64.0,70.0,80.0,200.0,9.0,17.0,6.0,0.0,34.0,0.0,45.0,60.0,II,Castle Age,Hera,Opponents,Ranked,Feb 11th 2025,1,1,0.0,16.0,0.0,2.0,Fox.Sebastian,1815.0,1815.0,II,1.0,GL.Hera,1616.0,1616.0,II,GL.Hera,Byzantines
_tfx5lbUlBI,207,start,Dark Age,200.0,200.0,100.0,200.0,,0.0,1.0,1.0,3.0,3.0,4.0,5.0,I,Dark Age,Hera,Opponents,Ranked,Feb 11th 2025,1,1,0.0,0.0,0.0,1.0,GL.Hera,176.0,176.0,I,,Fox.Sebastian,167.0,167.0,I,,
_tfx5lbUlBI,19804,start,Feudal Age,248.0,345.0,50.0,200.0,9.0,6.0,0.0,0.0,18.0,1.0,19.0,20.0,II,Feudal Age,Hera,Opponents,Ranked,Feb 11th 2025,1,1,0.0,8.0,50.0,2.0,Fox.Sebastian,795.0,795.0,I,1.0,GL.Hera,719.0,719.0,I,GL.Hera,Byzantines
_tfx5lbUlBI,41528,start,Castle Age,477.0,709.0,390.0,200.0,16.0,12.0,6.0,0.0,34.0,0.0,45.0,60.0,III,Castle Age,Hera,Opponents,Ranked,Feb 11th 2025,1,1,0.0,18.0,39.0,2.0,Fox.Sebastian,2060.0,2060.0,II,1.0,GL.Hera,1973.0,1973.0,II,GL.Hera,Byzantines
_tfx5lbUlBI,69700,final,n/a,1044.0,274.0,104.0,467.0,26.0,35.0,9.0,8.0,81.0,2.0,105.0,135.0,III,Castle Age,Hera,Opponents,Ranked,Feb 11th 2025,1,1,0.0,31.0,0.0,,GL.Hera,4985.0,4985.0,III,,,,,II,,
77Y_xS1ff2c,16196,click,Feudal Age,120.0,74.0,50.0,200.0,7.0,12.0,0.0,0.0,19.0,0.0,20.0,25.0,I,Feudal Age,Hera,Opponents,Ranked,Feb 12th 2025,6,3,0.0,7.0,10.0,1.0,Fs.miguel,604.0,604.0,I,2.0,GL.Hera,570.0,570.0,I,GL.Hera,Turks
77Y_xS1ff2c,47827,click,Castle Age,201.0,58.0,16.0,0.0,12.0,22.0,4.0,0.0,39.0,0.0,55.0,70.0,II,Castle Age,Hera,Opponents,Ranked,Feb 12th 2025,6,3,0.0,21.0,27.0,1.0,Fs.miguek,2576.0,2576.0,II,2.0,GL.Hera,2052.0,2052.0,II,,
77Y_xS1ff2c,291,start,Dark Age,200.0,200.0,100.0,200.0,0.0,0.0,0.0,0.0,3.0,3.0,4.0,5.0,I,Dark Age,Hera,Opponents,Ranked,Feb 12th 2025,6,3,0.0,0.0,0.0,,Fs.miguel,176.0,176.0,I,2.0,GL.Hera,176.0,176.0,I,,
77Y_xS1ff2c,20949,start,Feudal Age,315.0,402.0,50.0,200.0,10.0,9.0,0.0,0.0,19.0,0.0,20.0,25.0,II,Feudal Age,Hera,Opponents,Ranked,Feb 12th 2025,6,3,0.0,9.0,19.0,1.0,Fs.miguel,931.0,931.0,II,2.0,GL.Hera,726.0,726.0,I,GL.Hera,Turks
77Y_xS1ff2c,53676,start,Castle Age,152.0,299.0,302.0,0.0,12.0,22.0,5.0,0.0,39.0,0.0,63.0,75.0,III,Castle Age,Hera,Opponents,Ranked,Feb 12th 2025,6,3,0.0,24.0,5.0,1.0,Fs.miguel,2735.0,2735.0,II,2.0,GL.Hera,2319.0,2319.0,II,,
77Y_xS1ff2c,82985,final,n/a,465.0,106.0,633.0,57.0,9.0,18.0,22.0,0.0,62.0,13.0,90.0,140.0,III,Castle Age,Hera,Opponents,Ranked,Feb 12th 2025,6,3,0.0,36.0,1.0,,GL.Hera,5499.0,75498.0,III,,,,,III,,
QWahV902CYc,15529,click,Feudal Age,159.0,11.0,50.0,200.0,5.0,13.0,0.0,0.0,18.0,0.0,19.0,25.0,I,Feudal Age,Hera,Opponents,Ranked,10 April 2025,4,1,0.0,6.0,53.0,1.0,GL.Hera,746.0,746.0,I,2.0,TAG_MbL_,684.0,684.0,I,,
QWahV902CYc,51379,click,Castle Age,561.0,182.0,43.0,75.0,18.0,16.0,4.0,0.0,44.0,1.0,65.0,85.0,II,Castle Age,Hera,Opponents,Ranked,10 April 2025,4,1,0.0,23.0,4.0,1.0,GL.Hera,2455.0,2455.0,II,2.0,TAG_MbL_,2217.0,2217.0,III,,
QWahV902CYc,90007,click,Imperial Age,158.0,145.0,209.0,158.0,23.0,29.0,11.0,6.0,79.0,2.0,110.0,130.0,III,Imperial Age,Hera,Opponents,Ranked,10 April 2025,4,1,0.0,40.0,30.0,1.0,GL.Hera,5551.0,5551.0,III,2.0,TAG_MbL_,5420.0,5420.0,III,GL.Hera,Slavs
QWahV902CYc,251,start,Dark Age,200.0,200.0,100.0,200.0,,,,,3.0,3.0,4.0,5.0,I,Dark Age,Hera,Opponents,Ranked,10 April 2025,4,1,0.0,0.0,0.0,,GL.Hera,176.0,176.0,I,,TAG_MbL_,176.0,176.0,I,,
QWahV902CYc,20283,start,Feudal Age,45.0,87.0,40.0,200.0,9.0,5.0,2.0,0.0,18.0,0.0,22.0,25.0,II,Feudal Age,Hera,Opponents,Ranked,10 April 2025,4,1,0.0,9.0,2.0,1.0,GL.Hera,878.0,878.0,I,2.0,TAG_MbL_,864.0,864.0,II,GL.Hera,Slavs
QWahV902CYc,57229,start,Castle Age,127.0,653.0,227.0,75.0,16.0,16.0,10.0,0.0,44.0,1.0,60.0,100.0,III,Castle Age,Hera,Opponents,Ranked,10 April 2025,4,1,0.0,25.0,43.0,2.0,TAG_MbL_,2691.0,2691.0,III,1.0,GL.Hera,2598.0,2598.0,II,,
QWahV902CYc,96951,start,Imperial Age,535.0,421.0,777.0,414.0,32.0,24.0,24.0,5.0,90.0,3.0,125.0,160.0,IV,Imperial Age,Hera,Opponents,Ranked,10 April 2025,4,1,0.0,43.0,38.0,1.0,GL.Hera,6376.0,6376.0,III,2.0,TAG_MbL_,6101.0,6101.0,III,,
QWahV902CYc,120298,final,n/a,232.0,410.0,107.0,55.0,,,,,132.0,8.0,165.0,200.0,IV,Imperial Age,Hera,Opponents,Ranked,10 April 2025,4,1,0.0,52.0,52.0,,,,,IV,,,,,,,
Pu0jp9qGwdk,16127,click,Feudal Age,55.0,2.0,100.0,200.0,6.0,11.0,1.0,0.0,19.0,0.0,20.0,20.0,I,Feudal Age,Hera,Opponents,Ranked,10 April 2025,5,1,0.0,6.0,42.0,2.0,TAG_MbL_,636.0,636.0,I,1.0,GL.Hera,591.0,591.0,I,GL.Hera,Bulgarians
Pu0jp9qGwdk,39295,click,Castle Age,186.0,57.0,0.0,200.0,10.0,16.0,7.0,0.0,34.0,0.0,40.0,50.0,II,Castle Age,Hera,Opponents,Ranked,10 April 2025,5,1,0.0,17.0,9.0,1.0,GL.Hera,1728.0,1728.0,II,2.0,TAG_MbL_,1668.0,1668.0,II,,
Pu0jp9qGwdk,74277,click,Imperial Age,137.0,25.0,213.0,178.0,14.0,30.0,24.0,8.0,77.0,1.0,109.0,140.0,III,Imperial Age,Hera,Opponents,Ranked,10 April 2025,5,1,0.0,32.0,57.0,1.0,GL.Hera,4541.0,4541.0,III,2.0,TAG_MbL_,4370.0,4370.0,III,,
Pu0jp9qGwdk,190,start,Dark Age,200.0,200.0,100.0,200.0,,,,0.0,3.0,3.0,4.0,5.0,I,Dark Age,Hera,Opponents,Ranked,10 April 2025,5,1,0.0,0.0,0.0,,TAG_MbL_,180.0,180.0,I,,GL.Hera,176.0,176.0,I,,
Pu0jp9qGwdk,20879,start,Feudal Age,232.0,113.0,0.0,200.0,8.0,11.0,0.0,0.0,19.0,0.0,23.0,30.0,II,Feudal Age,Hera,Opponents,Ranked,10 April 2025,5,1,0.0,8.0,50.0,1.0,GL.Hera,772.0,772.0,I,2.0,TAG_MbL_,742.0,742.0,I,GL.Hera,Bulgarians
Pu0jp9qGwdk,45144,start,Castle Age,376.0,402.0,302.0,200.0,17.0,9.0,8.0,0.0,34.0,0.0,41.0,55.0,III,Castle Age,Hera,Opponents,Ranked,10 April 2025,5,1,0.0,19.0,47.0,1.0,GL.Hera,1972.0,1972.0,II,2.0,TAG_MbL_,1828.0,1828.0,II,,
Pu0jp9qGwdk,81221,start,Imperial Age,107.0,248.0,317.0,401.0,20.0,28.0,0.0,14.0,89.0,0.0,122.0,140.0,IV,Imperial Age,Hera,Opponents,Ranked,10 April 2025,5,1,0.0,36.0,5.0,1.0,GL.Hera,5453.0,5453.0,III,2.0,TAG_MbL_,5116.0,5116.0,III,,
Pu0jp9qGwdk,120152,final,n/a,1001.0,97.0,424.0,1746.0,41.0,75.0,20.0,4.0,142.0,0.0,181.0,200.0,IV,Imperial Age,Hera,Opponents,Ranked,10 April 2025,5,1,0.0,52.0,27.0,,GL.Merv,152.0,152.0,IV,,TAG_MbL_,,,IV,,
3EZpCj_OV60,15027,click,Feudal Age,121.0,3.0,60.0,200.0,3.0,14.0,1.0,0.0,18.0,0.0,19.0,25.0,I,Feudal Age,Hera,Opponents,Ranked,27 Feb 2025,3,1,0.0,6.0,45.0,1.0,GL.Hera,635.0,635.0,I,2.0,_LY,548.0,548.0,I,GL.Hera,Tatars
3EZpCj_OV60,39316,click,Castle Age,195.0,77.0,125.0,200.0,14.0,18.0,5.0,0.0,37.0,0.0,51.0,55.0,II,Castle Age,Hera,Opponents,Ranked,27 Feb 2025,3,1,0.0,17.0,42.0,1.0,GL.Hera,1687.0,1687.0,II,2.0,LY_蘢臂肥龙,1678.0,1678.0,II,GL.Hera,Iberians
3EZpCj_OV60,71,start,Dark Age,2011.0,,,,,,,,,,,,I,,Hera,Opponents,Ranked,27 Feb 2025,3,1,,,,1.0,GL.Hera,,,I,,,,,,,
3EZpCj_OV60,19782,start,Feudal Age,237.0,321.0,100.0,200.0,9.0,6.0,1.0,0.0,18.0,0.0,19.0,25.0,II,Feudal Age,Hera,Opponents,Ranked,27 Feb 2025,3,1,0.0,8.0,53.0,2.0,_LY,820.0,820.0,II,1.0,GL.Hera,767.0,767.0,I,GL.Hera,Tatars
3EZpCj_OV60,45167,start,Castle Age,527.0,645.0,340.0,200.0,12.0,17.0,7.0,0.0,37.0,0.0,55.0,70.0,III,Castle Age,Hera,Opponents,Ranked,27 Feb 2025,3,1,0.0,20.0,21.0,2.0,_LY,2173.0,2173.0,III,1.0,GL.Hera,1986.0,1986.0,II,,
3EZpCj_OV60,78357,final,n/a,561.0,112.0,366.0,414.0,17.0,11.0,4.0,12.0,91.0,23.0,95.0,180.0,III,Castle Age,Hera,Opponents,Ranked,27 Feb 2025,3,1,0.0,14.0,39.0,,,,,II,,,,,III,,
vU5wIuR3S-E,15016,click,Feudal Age,15.0,32.0,30.0,200.0,9.0,8.0,0.0,0.0,18.0,0.0,19.0,25.0,I,Feudal Age,Hera,Opponents,Ranked,10 April 2025,3,0,0.0,6.0,43.0,2.0,TAG_MbL_,550.0,550.0,I,1.0,GL.Hera,548.0,548.0,I,GL.Hera,Japanese
vU5wIuR3S-E,40527,click,Castle Age,104.0,47.0,162.0,200.0,11.0,24.0,4.0,0.0,39.0,0.0,42.0,60.0,II,Castle Age,Hera,Opponents,Ranked,10 April 2025,3,0,0.0,17.0,43.0,2.0,TAG_MbL_,1886.0,1886.0,II,1.0,GL.Hera,1775.0,1775.0,II,GL.Hera,Japanese
vU5wIuR3S-E,134,start,Dark Age,200.0,200.0,100.0,200.0,,,,,,3.0,4.0,5.0,I,Dark Age,Hera,Opponents,Ranked,10 April 2025,3,0,0.0,0.0,0.0,,GL.Hera,,,,,TAG_MbL_,,,,,
vU5wIuR3S-E,19768,start,Feudal Age,306.0,140.0,70.0,200.0,9.0,6.0,2.0,0.0,18.0,0.0,22.0,30.0,II,Feudal Age,Hera,Opponents,Ranked,10 April 2025,3,0,0.0,8.0,51.0,2.0,TAG_MbL_,736.0,736.0,I,1.0,GL.Hera,689.0,689.0,I,GL.Hera,Japanese
vU5wIuR3S-E,46375,start,Castle Age,396.0,606.0,412.0,200.0,17.0,15.0,4.0,0.0,39.0,2.0,42.0,70.0,III,Castle Age,Hera,Opponents,Ranked,10 April 2025,3,0,0.0,20.0,21.0,2.0,TAG_MbL_,2006.0,2006.0,II,1.0,GL.Hera,2000.0,2000.0,II,,
vU5wIuR3S-E,75947,final,n/a,220.0,452.0,454.0,29.0,0.0,0.0,,,75.0,75.0,79.0,120.0,III,Castle Age,Hera,Opponents,Ranked,10 April 2025,3,0,0.0,32.0,47.0,,,,,III,,,,,III,,
vhP1RQxCQtQ,15032,click,Feudal Age,175.0,8.0,50.0,200.0,5.0,13.0,0.0,0.0,18.0,0.0,19.0,20.0,I,Feudal Age,Hera,Opponents,Ranked,Feb 11th 2025,1,0,0.0,6.0,42.0,1.0,GL.Hera,623.0,623.0,I,4.0,Fox.Sebastian,601.0,601.0,I,GL.Hera,Magyars
vhP1RQxCQtQ,43536,click,Castle Age,289.0,34.0,70.0,200.0,16.0,16.0,9.0,0.0,43.0,1.0,63.0,70.0,II,Castle Age,Hera,Opponents,Ranked,Feb 11th 2025,1,0,0.0,19.0,35.0,1.0,GL.Hera,2135.0,2135.0,II,4.0,Fox.Sebastian,2121.0,2121.0,II,,
vhP1RQxCQtQ,77301,click,Imperial Age,219.0,29.0,235.0,219.0,7.0,22.0,17.0,7.0,56.0,2.0,68.0,115.0,III,Imperial Age,Hera,Opponents,Ranked,Feb 11th 2025,1,0,0.0,34.0,54.0,4.0,Fox.Sebastian,5432.0,5432.0,III,1.0,GL.Hera,4823.0,4823.0,III,,
vhP1RQxCQtQ,187,start,Dark Age,200.0,200.0,100.0,200.0,1.0,0.0,0.0,,3.0,3.0,4.0,5.0,I,Dark Age,Hera,Opponents,Ranked,Feb 11th 2025,0,0,0.0,0.0,0.0,,GL.Hera,176.0,176.0,I,4.0,Fox.Sebastian,176.0,176.0,I,,
vhP1RQxCQtQ,19783,start,Feudal Age,282.0,365.0,50.0,200.0,8.0,10.0,0.0,0.0,18.0,0.0,19.0,25.0,II,Feudal Age,Hera,Opponents,Ranked,Feb 11th 2025,1,0,0.0,8.0,50.0,1.0,GL.Hera,710.0,710.0,I,4.0,Fox.Sebastian,694.0,694.0,I,,
vhP1RQxCQtQ,49294,start,Castle Age,714.0,664.0,310.0,200.0,16.0,17.0,9.0,0.0,43.0,1.0,69.0,90.0,III,Castle Age,Hera,Opponents,Ranked,Feb 11th 2025,1,0,0.0,22.0,13.0,4.0,Fox.Sebastian,2660.0,2660.0,III,1.0,GL.Hera,2469.0,2469.0,II,,
vhP1RQxCQtQ,84215,start,Imperial Age,302.0,705.0,445.0,281.0,21.0,21.0,10.0,2.0,63.0,0.0,83.0,110.0,IV,Imperial Age,Hera,Opponents,Ranked,Feb 11th 2025,1,0,0.0,38.0,5.0,4.0,Fox.Sebastian,6530.0,6530.0,III,1.0,GL.Hera,5511.0,5511.0,IV,,
vhP1RQxCQtQ,101517,final,n/a,223.0,416.0,885.0,453.0,,,,,60.0,60.0,93.0,155.0,IV,Imperial Age,Hera,Opponents,Ranked,Feb 11th 2025,1,0,0.0,45.0,18.0,,,,,IV,3.0,GL.Hera,,,,,
tC9NDoQZLj0,15243,click,Feudal Age,144.0,37.0,50.0,200.0,8.0,10.0,0.0,0.0,18.0,0.0,19.0,20.0,I,Feudal Age,Hera,Opponents,Ranked,27 Feb 2025,1,0,0.0,6.0,42.0,1.0,TAG_Sora Kumar,529.0,529.0,I,2.0,GL.Hera,523.0,523.0,I,,
tC9NDoQZLj0,44462,click,Castle Age,154.0,248.0,12.0,200.0,11.0,20.0,7.0,0.0,40.0,0.0,48.0,75.0,II,Castle Age,Hera,Opponents,Ranked,27 Feb 2025,1,0,0.0,19.0,53.0,1.0,TAG_Sora Kuma,2211.0,2211.0,II,2.0,GL.Hera,1853.0,1853.0,II,GL.Hera,Teutons
tC9NDoQZLj0,97523,click,Imperial Age,127.0,121.0,5.0,595.0,15.0,64.0,9.0,5.0,109.0,14.0,141.0,170.0,III,Imperial Age,Hera,Opponents,Ranked,27 Feb 2025,1,0,0.0,44.0,3.0,1.0,TAG_Sora Kuma,8067.0,8067.0,III,2.0,GL.Hera,6742.0,6742.0,III,,
tC9NDoQZLj0,395,start,Dark Age,200.0,200.0,100.0,200.0,0.0,0.0,0.0,0.0,3.0,3.0,4.0,5.0,I,Dark Age,Hera,Opponents,Ranked,27 Feb 2025,1,0,0.0,0.0,0.0,,TAG_Sora Kuma,176.0,176.0,I,2.0,GL.Hera,176.0,176.0,I,,
tC9NDoQZLj0,19997,start,Feudal Age,265.0,323.0,50.0,200.0,8.0,8.0,0.0,0.0,18.0,0.0,19.0,20.0,II,Feudal Age,Hera,Opponents,Ranked,27 Feb 2025,1,0,0.0,8.0,50.0,,TAG_Sora Kuma,675.0,675.0,I,2.0,GL.Hera,644.0,644.0,I,GL.Hera,Teutons
tC9NDoQZLj0,50310,start,Castle Age,158.0,759.0,354.0,200.0,13.0,19.0,7.0,0.0,40.0,1.0,58.0,80.0,III,Castle Age,Hera,Opponents,Ranked,27 Feb 2025,1,0,0.0,22.0,31.0,,TAG_Sora Kuma,2676.0,2676.0,III,2.0,GL.Hera,2264.0,2264.0,II,GL.Hera,Teutons
tC9NDoQZLj0,136429,final,n/a,,,,,,,,,,,,,II,,Hera,Opponents,Ranked,27 Feb 2025,1,0,,,,,,,,,,,,,,,
TaVePFVne6E,14361,click,Feudal Age,62.0,17.0,100.0,200.0,2.0,16.0,0.0,0.0,18.0,0.0,19.0,20.0,I,Feudal Age,Hera,Opponents,Ranked,13 Feb 2025,1,1,0.0,6.0,19.0,2.0,Oni.GoKu,574.0,574.0,I,1.0,GL.Hera,568.0,568.0,I,GL.Hera,Teutons
TaVePFVne6E,67250,click,Castle Age,156.0,49.0,272.0,550.0,6.0,27.0,0.0,6.0,46.0,4.0,56.0,75.0,II,Castle Age,Hera,Opponents,Ranked,13 Feb 2025,1,1,0.0,30.0,11.0,1.0,GL.Hera,10.0,34.0,II,2.0,Oni.GoKu,3049.0,3049.0,III,,
TaVePFVne6E,344,start,Dark Age,,200.0,,200.0,,,,,,,,,I,Dark Age,Hera,Opponents,Ranked,13 Feb 2025,1,1,,,,,,,,I,,GL.Hera,,,,,
TaVePFVne6E,19115,start,Feudal Age,176.0,336.0,50.0,200.0,10.0,6.0,0.0,0.0,18.0,0.0,19.0,25.0,II,Feudal Age,Hera,Opponents,Ranked,13 Feb 2025,1,1,0.0,8.0,28.0,2.0,Oni.GoKu,715.0,715.0,I,1.0,GL_Hera,700.0,700.0,I,GL.Hera,Teutons
TaVePFVne6E,73098,start,Castle Age,108.0,779.0,350.0,706.0,0.0,18.0,8.0,0.0,45.0,13.0,50.0,80.0,III,Castle Age,Hera,Opponents,Ranked,13 Feb 2025,1,1,0.0,32.0,50.0,1.0,GL.Hera,3558.0,3558.0,II,2.0,Oni:GoKu,3315.0,3315.0,III,,
TaVePFVne6E,86036,final,n/a,59.0,117.0,66.0,55.0,4.0,20.0,10.0,1.0,42.0,4.0,64.0,100.0,III,Castle Age,Hera,Opponents,Ranked,13 Feb 2025,1,1,0.0,38.0,9.0,,GL.Hera,,,III,,,,,III,,
x0v21gl5y2E,16816,click,Feudal Age,85.0,21.0,50.0,200.0,11.0,8.0,0.0,0.0,20.0,0.0,20.0,20.0,I,Feudal Age,Hera,Opponents,Ranked,14 April 2025,1,0,0.0,7.0,32.0,2.0,,733.0,733.0,I,1.0,GL.Hera,580.0,580.0,I,GL.Hera,Franks
x0v21gl5y2E,38592,click,Castle Age,87.0,18.0,325.0,200.0,12.0,20.0,4.0,0.0,37.0,0.0,42.0,50.0,II,Castle Age,Hera,Opponents,Ranked,14 April 2025,1,0,0.0,17.0,22.0,2.0,,2053.0,2053.0,II,1.0,GL.Hera,1620.0,1620.0,II,GL.Hera,Franks
x0v21gl5y2E,73127,click,Imperial Age,612.0,541.0,89.0,783.0,26.0,42.0,21.0,9.0,102.0,3.0,117.0,125.0,III,Imperial Age,Hera,Opponents,Ranked,14 April 2025,1,0,0.0,32.0,57.0,1.0,GL.Hera,4939.0,4939.0,III,2.0,弄双提影,4861.0,4861.0,III,GL.Hera,Franks
x0v21gl5y2E,112,start,Dark Age,200.0,200.0,100.0,200.0,0.0,0.0,0.0,0.0,3.0,3.0,4.0,5.0,I,Dark Age,Hera,Opponents,Ranked,14 April 2025,1,0,0.0,0.0,0.0,,GL.Hera,,,I,,,,,I,,
x0v21gl5y2E,21567,start,Feudal Age,205.0,170.0,101.0,200.0,9.0,7.0,2.0,0.0,20.0,1.0,20.0,25.0,II,Feudal Age,Hera,Opponents,Ranked,14 April 2025,1,0,0.0,9.0,41.0,2.0,,906.0,906.0,I,1.0,GL.Hera,782.0,782.0,II,GL.Hera,Franks
x0v21gl5y2E,44441,start,Castle Age,449.0,609.0,555.0,200.0,18.0,15.0,4.0,0.0,37.0,0.0,41.0,50.0,III,Castle Age,Hera,Opponents,Ranked,14 April 2025,1,0,0.0,20.0,0.0,2.0,异风凝影,2241.0,2241.0,II,1.0,GL.Hera,1888.0,1888.0,II,GL.Hera,Franks
x0v21gl5y2E,98878,final,n/a,,,,,,,,,,,,,III,,Hera,Opponents,Ranked,14 April 2025,1,0,,,,,,,,,,,,,,,
pUQuTx80hgY,13174,click,Feudal Age,45.0,13.0,100.0,200.0,7.0,9.0,0.0,0.0,17.0,1.0,18.0,20.0,I,Feudal Age,Hera,Opponents,Ranked,12 April 2025,0,1,0.0,5.0,52.0,2.0,TAG_MbL_,725.0,725.0,I,1.0,GL_Hera,685.0,685.0,I,GL.Hera,Georgians
pUQuTx80hgY,36548,click,Castle Age,242.0,79.0,20.0,200.0,8.0,19.0,8.0,0.0,36.0,0.0,41.0,65.0,II,Castle Age,Hera,Opponents,Ranked,12 April 2025,0,1,0.0,16.0,25.0,2.0,TAG_MbL_,1664.0,1664.0,II,1.0,GL.Hera,1592.0,1592.0,II,TAG_MbL_,Mongols
pUQuTx80hgY,173,start,Dark Age,200.0,200.0,100.0,200.0,,,,,,3.0,4.0,5.0,I,Dark Age,Hera,Opponents,Ranked,12 April 2025,0,1,0.0,0.0,0.0,1.0,GL.Hera,,,I,,TAG_MbL_,,,I,,
pUQuTx80hgY,17928,start,Feudal Age,175.0,193.0,50.0,200.0,11.0,4.0,0.0,0.0,17.0,2.0,18.0,25.0,II,Feudal Age,Hera,Opponents,Ranked,12 April 2025,0,1,0.0,8.0,0.0,2.0,TAG_MbL_,902.0,902.0,I,1.0,GL.Hera,792.0,792.0,I,,
pUQuTx80hgY,42394,start,Castle Age,409.0,292.0,320.0,200.0,16.0,10.0,8.0,0.0,36.0,0.0,40.0,60.0,III,Castle Age,Hera,Opponents,Ranked,12 April 2025,0,1,0.0,19.0,3.0,1.0,GL.Hera,1888.0,1888.0,II,2.0,TAG_MbL_,18.0,18.0,II,TAG_MbL_,Mongols
pUQuTx80hgY,68829,final,n/a,499.0,394.0,253.0,143.0,15.0,39.0,14.0,6.0,84.0,0.0,118.0,145.0,III,Castle Age,Hera,Opponents,Ranked,12 April 2025,0,1,0.0,30.0,34.0,,GL.Hera,5000.0,5000.0,III,4.0,TAG_MbL_,,,III,,
dPdMgAr1-lw,13463,click,Feudal Age,28.0,16.0,100.0,200.0,3.0,13.0,0.0,0.0,17.0,1.0,18.0,20.0,I,Feudal Age,Hera,Opponents,Ranked,27 Feb 2025,3,2,0.0,5.0,53.0,2.0,LY_斗鱼火车Yo,531.0,531.0,I,1.0,GL.Hera,510.0,510.0,I,GL.Hera,Hindustanis
dPdMgAr1-lw,38810,click,Castle Age,175.0,58.0,70.0,200.0,8.0,22.0,5.0,0.0,37.0,0.0,38.0,85.0,II,Castle Age,Hera,Opponents,Ranked,27 Feb 2025,3,2,0.0,17.0,19.0,2.0,_LY_斗鱼精英火车Yo,1642.0,1642.0,II,1.0,GL.Hera,1525.0,1525.0,II,GL.Hera,Hindustanis
dPdMgAr1-lw,82961,click,Imperial Age,346.0,437.0,177.0,439.0,23.0,43.0,17.0,11.0,112.0,12.0,135.0,175.0,III,Imperial Age,Hera,Opponents,Ranked,27 Feb 2025,3,2,0.0,37.0,15.0,1.0,GL.Hera,6326.0,6326.0,III,2.0,LY_斗鱼涛火车Yo,5673.0,5673.0,III,GL.Hera,Hindustanis
dPdMgAr1-lw,412,start,Dark Age,200.0,200.0,100.0,200.0,,,,,3.0,3.0,4.0,5.0,I,Dark Age,Hera,Opponents,Ranked,27 Feb 2025,3,2,0.0,0.0,0.0,,_LY_斗鱼峡谷Yo,183.0,183.0,I,,GL.Hera,173.0,173.0,I,,
dPdMgAr1-lw,18215,start,Feudal Age,179.0,233.0,100.0,200.0,10.0,4.0,0.0,0.0,17.0,1.0,18.0,20.0,II,Feudal Age,Hera,Opponents,Ranked,27 Feb 2025,3,2,0.0,8.0,2.0,1.0,GL.Hera,685.0,685.0,I,2.0,_LY_斗鱼猪火车Yo,579.0,579.0,I,GL.Hera,Hindustanis
dPdMgAr1-lw,44659,start,Castle Age,392.0,310.0,260.0,200.0,14.0,17.0,5.0,0.0,37.0,0.0,38.0,90.0,III,Castle Age,Hera,Opponents,Ranked,27 Feb 2025,3,2,0.0,19.0,58.0,2.0,_LY_斗鱼精火車Yo,2285.0,2285.0,III,1.0,GL.Hera,1803.0,1803.0,II,GL.Hera,Hindus
dPdMgAr1-lw,89947,start,Imperial Age,993.0,1892.0,413.0,1176.0,39.0,42.0,13.0,17.0,123.0,1.0,140.0,170.0,IV,Imperial Age,Hera,Opponents,Ranked,27 Feb 2025,3,2,0.0,40.0,24.0,1.0,GL.Hera,7389.0,7389.0,III,1.0,_LY_斗鱼火车Yo,6160.0,6160.0,III,,
dPdMgAr1-lw,104716,final,n/a,,,,,,,,,,,,,III,,Hera,Opponents,Ranked,27 Feb 2025,3,2,,,,,,,,,,,,,,,
41se662WhmU,16311,click,Feudal Age,152.0,6.0,50.0,200.0,4.0,14.0,0.0,0.0,19.0,0.0,20.0,20.0,I,Feudal Age,Hera,Opponents,Ranked,12 April 2025,1,2,0.0,7.0,5.0,2.0,TAG_MbL_,710.0,710.0,I,1.0,"GL,Hera",616.0,616.0,I,,
41se662WhmU,41127,click,Castle Age,248.0,53.0,230.0,200.0,10.0,15.0,6.0,0.0,39.0,6.0,41.0,85.0,II,Castle Age,Hera,Opponents,Ranked,12 April 2025,1,2,0.0,18.0,17.0,1.0,GL.Hera,1843.0,1843.0,II,2.0,TAG_MbL_,1758.0,1758.0,II,GL.Hera,Goths
41se662WhmU,86107,click,Imperial Age,393.0,358.0,101.0,217.0,24.0,62.0,16.0,8.0,115.0,0.0,138.0,150.0,III,Imperial Age,Hera,Opponents,Ranked,12 April 2025,1,2,0.0,38.0,19.0,1.0,GL.Hera,6643.0,6643.0,III,2.0,TAG_MbL_,4775.0,4775.0,III,,
41se662WhmU,99,start,Dark Age,200.0,200.0,100.0,200.0,0.0,0.0,0.0,0.0,3.0,3.0,4.0,5.0,I,Dark Age,Hera,Opponents,Ranked,12 April 2025,1,2,0.0,0.0,0.0,1.0,GL.Hera,176.0,176.0,I,,TAG_MbL_,176.0,176.0,I,,
41se662WhmU,21065,start,Feudal Age,305.0,282.0,40.0,200.0,8.0,7.0,2.0,0.0,19.0,1.0,23.0,30.0,II,Feudal Age,Hera,Opponents,Ranked,12 April 2025,1,2,0.0,9.0,14.0,2.0,TAG_MbL_,17.0,17.0,I,1.0,GL.Hera,794.0,794.0,I,GL.Hera,Goths
41se662WhmU,46975,start,Castle Age,588.0,728.0,570.0,200.0,20.0,13.0,6.0,0.0,39.0,0.0,40.0,110.0,III,Castle Age,Hera,Opponents,Ranked,12 April 2025,1,2,0.0,20.0,55.0,1.0,GL.Hera,2068.0,2068.0,II,2.0,TAG_MbL_,1935.0,1935.0,II,,
41se662WhmU,90314,final,n/a,,132.0,630.0,382.0,,68.0,,,123.0,,138.0,160.0,,Imperial Age,Hera,Opponents,Ranked,12 April 2025,1,2,,,,,GL.Hera,1300.0,1300.0,III,,,,,III,,
2y4Zg0clFOQ,13748,click,Feudal Age,41.0,2.0,104.0,200.0,2.0,14.0,1.0,0.0,17.0,0.0,18.0,20.0,I,Feudal Age,Hera,Opponents,Ranked,Feb 12th 2025,0,0,0.0,6.0,2.0,1.0,GL.Hera,525.0,525.0,I,2.0,_LY_,514.0,514.0,I,GL.Hera,Vietnamese
2y4Zg0clFOQ,40594,click,Castle Age,157.0,29.0,32.0,200.0,10.0,16.0,9.0,0.0,36.0,1.0,49.0,55.0,II,Castle Age,Hera,Opponents,Ranked,Feb 12th 2025,0,0,0.0,18.0,9.0,2.0,_LY_斗鱼潇火车Yo,1761.0,1761.0,II,1.0,GL.Hera,1751.0,1751.0,II,GL.Hera,Vietnamese
2y4Zg0clFOQ,86732,click,Imperial Age,135.0,117.0,124.0,273.0,28.0,43.0,12.0,9.0,115.0,2.0,136.0,165.0,III,Imperial Age,Hera,Opponents,Ranked,Feb 12th 2025,0,0,0.0,38.0,58.0,2.0,_LY_斗鱼锦文Yo,6701.0,6701.0,III,1.0,GL.Hera,6605.0,6605.0,III,,
2y4Zg0clFOQ,374,start,Dark Age,200.0,200.0,100.0,200.0,,,,,,3.0,4.0,5.0,I,Dark Age,Hera,Opponents,Ranked,Feb 12th 2025,0,0,0.0,0.0,0.0,,GL.Hera,,,,,,,,,,
2y4Zg0clFOQ,18499,start,Feudal Age,171.0,225.0,104.0,200.0,14.0,0.0,1.0,0.0,17.0,0.0,18.0,20.0,II,Feudal Age,Hera,Opponents,Ranked,Feb 12th 2025,0,0,0.0,8.0,10.0,2.0,LY_斗鱼精灵Yo,594.0,594.0,I,1.0,GL.Hera,585.0,585.0,I,,
2y4Zg0clFOQ,46446,start,Castle Age,609.0,370.0,420.0,200.0,15.0,12.0,9.0,0.0,36.0,0.0,53.0,65.0,III,Castle Age,Hera,Opponents,Ranked,Feb 12th 2025,0,0,0.0,20.0,47.0,2.0,_LY_斗鱼清火车Yo,2339.0,2339.0,III,1.0,GL.Hera,2057.0,2057.0,II,,
2y4Zg0clFOQ,112574,start,Imperial Age,237.0,126.0,90.0,65.0,26.0,46.0,0.0,9.0,119.0,22.0,167.0,185.0,IV,Imperial Age,Hera,Opponents,Ranked,Feb 12th 2025,0,0,0.0,50.0,38.0,1.0,_LY_斗鱼火车Yo,11837.0,11837.0,IV,1.0,GL.Hera,10948.0,10948.0,IV,,
2y4Zg0clFOQ,127580,final,n/a,1184.0,2991.0,422.0,816.0,,0.0,,,141.0,141.0,196.0,200.0,IV,Imperial Age,Hera,Opponents,Ranked,Feb 12th 2025,0,0,0.0,57.0,1.0,1.0,_LY_金陵大学,158.0,158.0,IV,,,,,IV,,
7JfIQty_GlU,15066,click,Feudal Age,177.0,106.0,50.0,200.0,8.0,10.0,0.0,0.0,18.0,0.0,19.0,20.0,I,Feudal Age,Hera,Opponents,Ranked,13 April 2025,5,0,0.0,6.0,42.0,2.0,LY_斗鱼火车Yo,592.0,592.0,I,1.0,GL.Hera,546.0,546.0,I,GL.Hera,Malians
7JfIQty_GlU,38859,click,Castle Age,167.0,72.0,38.0,200.0,9.0,17.0,10.0,0.0,38.0,0.0,49.0,50.0,II,Castle Age,Hera,Opponents,Ranked,13 April 2025,5,0,0.0,17.0,26.0,2.0,LY_斗鱼鳝火车Yo,1868.0,1868.0,II,1.0,GL.Hera,1630.0,1630.0,II,GL.Hera,Malians
7JfIQty_GlU,68176,click,Imperial Age,312.0,61.0,157.0,70.0,18.0,34.0,12.0,6.0,77.0,1.0,110.0,135.0,III,Imperial Age,Hera,Opponents,Ranked,13 April 2025,5,0,0.0,30.0,40.0,1.0,GL.Hera,4276.0,4276.0,III,2.0,LY_斗鱼精火库Yo,3508.0,3508.0,III,,
7JfIQty_GlU,207,start,Dark Age,200.0,200.0,100.0,200.0,0.0,0.0,0.0,0.0,3.0,3.0,4.0,5.0,I,Dark Age,Hera,Opponents,Ranked,13 April 2025,5,0,0.0,0.0,0.0,1.0,_LY_斗鱼檐火车Yo,176.0,176.0,I,,GL.Hera,167.0,167.0,I,,
7JfIQty_GlU,19820,start,Feudal Age,416.0,338.0,50.0,200.0,11.0,7.0,0.0,0.0,18.0,0.0,19.0,25.0,II,Feudal Age,Hera,Opponents,Ranked,13 April 2025,5,0,0.0,8.0,51.0,2.0,_LY_斗鱼精灵火车Yo,778.0,778.0,I,1.0,GL.Hera,707.0,707.0,I,GL.Hera,Malians
7JfIQty_GlU,44709,start,Castle Age,193.0,407.0,219.0,200.0,15.0,10.0,9.0,0.0,38.0,2.0,52.0,65.0,III,Castle Age,Hera,Opponents,Ranked,13 April 2025,5,0,0.0,20.0,4.0,2.0,_LY_斗鱼庸火车Yo,2251.0,2251.0,II,1.0,GL.Hera,1884.0,1884.0,II,,
7JfIQty_GlU,76904,start,Imperial Age,963.0,467.0,516.0,466.0,12.0,31.0,13.0,6.0,75.0,11.0,94.0,155.0,IV,Imperial Age,Hera,Opponents,Ranked,13 April 2025,5,0,0.0,34.0,36.0,1.0,GL.Hera,5260.0,5260.0,IV,2.0,LY_斗鱼靖火车Yo,4570.0,4570.0,III,GL.Hera,Malians
7JfIQty_GlU,121526,final,n/a,,,,,,,,,,,,,I,,Hera,Opponents,Ranked,13 April 2025,5,0,,,,,,,,,,,,,,,
PVnnR0KMXwY,19674,click,Feudal Age,258.0,9.0,0.0,200.0,11.0,12.0,0.0,0.0,23.0,0.0,27.0,30.0,I,Feudal Age,Hera,Opponents,Ranked,Feb 12th 2025,8,3,0.0,8.0,49.0,1.0,GL.Hera,859.0,859.0,I,2.0,TAG_MbL_,630.0,630.0,I,,
PVnnR0KMXwY,47731,click,Castle Age,426.0,57.0,171.0,200.0,13.0,19.0,10.0,0.0,43.0,0.0,63.0,80.0,II,Castle Age,Hera,Opponents,Ranked,Feb 12th 2025,8,3,0.0,21.0,29.0,2.0,TAG_MbL_,2701.0,2701.0,III,1.0,GL.Hera,2306.0,2306.0,II,GL.Hera,Britons
PVnnR0KMXwY,93616,click,Imperial Age,284.0,2.0,117.0,837.0,35.0,57.0,12.0,14.0,142.0,12.0,172.0,190.0,III,Imperial Age,Hera,Opponents,Ranked,Feb 12th 2025,8,3,0.0,42.0,11.0,1.0,GL.Hera,7346.0,7346.0,III,2.0,TAG_MbL_,6203.0,6203.0,IV,,
PVnnR0KMXwY,117,start,Dark Age,200.0,200.0,100.0,200.0,1.0,,,,1.0,1.0,4.0,5.0,I,Dark Age,Hera,Opponents,Ranked,Feb 12th 2025,8,3,0.0,0.0,0.0,,GL.Hera,0.0,0.0,I,,TAG_MbL_,,,I,,
PVnnR0KMXwY,24427,start,Feudal Age,698.0,339.0,0.0,200.0,12.0,5.0,4.0,0.0,23.0,0.0,25.0,30.0,II,Feudal Age,Hera,Opponents,Ranked,Feb 12th 2025,8,3,0.0,10.0,58.0,2.0,TAG_MbL_,1009.0,1009.0,II,1.0,GL.Hera,944.0,944.0,I,,
PVnnR0KMXwY,53583,start,Castle Age,584.0,495.0,525.0,75.0,22.0,11.0,10.0,0.0,43.0,0.0,73.0,80.0,III,Castle Age,Hera,Opponents,Ranked,Feb 12th 2025,8,3,0.0,24.0,7.0,2.0,TAG_MbL_,3059.0,3059.0,III,1.0,GL.Hera,2768.0,2768.0,II,GL.Hera,Britons
PVnnR0KMXwY,100582,start,Imperial Age,142.0,1292.0,1406.0,795.0,41.0,64.0,28.0,11.0,146.0,0.0,187.0,200.0,IV,Imperial Age,Hera,Opponents,Ranked,Feb 12th 2025,8,3,0.0,45.0,20.0,1.0,GL.Herax,8555.0,8555.0,III,2.0,TAG_MbL_,7205.0,7205.0,IV,GL.Hera,Britons
PVnnR0KMXwY,111863,final,n/a,2484.0,63.0,723.0,681.0,30.0,63.0,,3.0,146.0,0.0,181.0,200.0,I,Imperial Age,Hera,Opponents,Ranked,Feb 12th 2025,8,3,8.0,49.0,37.0,,GL.Hera,1150.0,1152.0,IV,,,,,IV,,
8YP2Jm9YZzU,16847,click,Feudal Age,117.0,23.0,50.0,200.0,4.0,15.0,0.0,0.0,20.0,0.0,21.0,25.0,I,Feudal Age,Hera,Opponents,Ranked,14 April 2025,2,0,0.0,7.0,32.0,1.0,GL.Hera,808.0,808.0,I,2.0,手风相影,722.0,722.0,I,,
8YP2Jm9YZzU,50691,click,Castle Age,675.0,60.0,8.0,199.0,12.0,25.0,8.0,0.0,45.0,0.0,61.0,70.0,II,Castle Age,Hera,Opponents,Ranked,14 April 2025,2,0,0.0,22.0,14.0,1.0,GL.Hera,2496.0,2496.0,II,2.0,非风冠影,2374.0,2374.0,II,,
8YP2Jm9YZzU,89245,click,Imperial Age,753.0,156.0,237.0,366.0,24.0,30.0,15.0,4.0,80.0,7.0,123.0,170.0,III,Imperial Age,Hera,Opponents,Ranked,14 April 2025,2,0,0.0,39.0,38.0,1.0,GL.Hera,6078.0,6078.0,III,2.0,,6046.0,6046.0,III,,
8YP2Jm9YZzU,151,start,Dark Age,200.0,200.0,100.0,200.0,0.0,0.0,0.0,0.0,3.0,3.0,4.0,5.0,I,Dark Age,Hera,Opponents,Ranked,14 April 2025,2,0,0.0,0.0,0.0,,GL.Hera,176.0,176.0,I,7.0,非风相影,176.0,176.0,I,,
8YP2Jm9YZzU,21599,start,Feudal Age,232.0,148.0,110.0,200.0,11.0,6.0,2.0,0.0,20.0,0.0,21.0,30.0,II,Feudal Age,Hera,Opponents,Ranked,14 April 2025,2,0,0.0,9.0,40.0,2.0,拜风捉影,986.0,986.0,II,1.0,GL.Hera,918.0,918.0,I,,
8YP2Jm9YZzU,56540,start,Castle Age,429.0,633.0,205.0,74.0,11.0,25.0,8.0,0.0,45.0,0.0,72.0,85.0,III,Castle Age,Hera,Opponents,Ranked,14 April 2025,2,0,0.0,24.0,52.0,2.0,,2961.0,2961.0,III,1.0,GL.Hera,2915.0,2915.0,II,,
8YP2Jm9YZzU,96191,start,Imperial Age,291.0,1003.0,680.0,145.0,12.0,36.0,14.0,6.0,91.0,4.0,130.0,200.0,IV,Imperial Age,Hera,Opponents,Ranked,14 April 2025,2,0,0.0,42.0,46.0,2.0,异风冠影,6898.0,6898.0,III,1.0,GL.Hera,6546.0,6546.0,III,GL.Hera,Burgundians
8YP2Jm9YZzU,155850,final,n/a,,,,,,,,,,,,,III,Feudal Age,Hera,Opponents,Ranked,14 April 2025,2,0,,,,,,,,,,,,,,,
vHDGd7KOId4,15262,click,Feudal Age,68.0,37.0,50.0,200.0,7.0,12.0,0.0,0.0,19.0,0.0,20.0,25.0,I,Feudal Age,Hera,Opponents,Ranked,13 April 2025,11,0,0.0,6.0,49.0,2.0,TAG_MbL_,692.0,692.0,I,1.0,GL.Hera,665.0,665.0,I,GL.Hera,Persians
vHDGd7KOId4,39542,click,Castle Age,101.0,26.0,178.0,200.0,11.0,22.0,5.0,0.0,41.0,0.0,46.0,60.0,II,Castle Age,Hera,Opponents,Ranked,13 April 2025,11,0,0.0,17.0,46.0,2.0,TAG_MbL_,1808.0,1808.0,II,1.0,GL.Hera,1758.0,1758.0,II,,
vHDGd7KOId4,153,start,Dark Age,250.0,250.0,100.0,200.0,,,,,,3.0,4.0,5.0,I,Dark Age,Hera,Opponents,Ranked,13 April 2025,11,0,0.0,0.0,0.0,,GL.Hera,,,,,TAG_MbL_,,,I,,
vHDGd7KOId4,19788,start,Feudal Age,353.0,386.0,50.0,200.0,8.0,9.0,1.0,0.0,19.0,0.0,20.0,25.0,II,Feudal Age,Hera,Opponents,Ranked,13 April 2025,11,0,0.0,8.0,51.0,1.0,GL.Hera,809.0,809.0,I,2.0,TAG_MbL_,753.0,753.0,I,GL.Hera,Persians
vHDGd7KOId4,44860,start,Castle Age,320.0,158.0,355.0,200.0,16.0,20.0,5.0,0.0,41.0,0.0,49.0,60.0,III,Castle Age,Hera,Opponents,Ranked,13 April 2025,11,0,0.0,20.0,10.0,2.0,TAG_MbL_,2027.0,2027.0,II,1.0,GL.Hera,2018.0,2018.0,II,,
vHDGd7KOId4,98093,final,n/a,692.0,446.0,116.0,136.0,0.0,0.0,0.0,0.0,61.0,61.0,72.0,150.0,III,Castle Age,Hera,Opponents,Ranked,13 April 2025,11,0,0.0,43.0,36.0,,TAG_MbL_,8838.0,8838.0,III,,GL.Hera,71.0,54.0,III,,
y5D5FhyDRK4,15955,click,Feudal Age,90.0,9.0,50.0,200.0,7.0,12.0,0.0,0.0,19.0,0.0,20.0,20.0,I,Feudal Age,Hera,Opponents,Ranked,10 April 2025,7,1,0.0,7.0,8.0,1.0,GL.Hera,760.0,760.0,I,2.0,TAG_MbL_,711.0,711.0,I,GL.Hera,Celts
y5D5FhyDRK4,37287,click,Castle Age,144.0,29.0,61.0,75.0,10.0,18.0,7.0,0.0,36.0,0.0,42.0,65.0,II,Castle Age,Hera,Opponents,Ranked,10 April 2025,7,1,0.0,16.0,46.0,2.0,TAG_MbL_,1708.0,1708.0,II,1.0,GL.Hera,1563.0,1563.0,II,,
y5D5FhyDRK4,94420,click,Imperial Age,297.0,41.0,12.0,280.0,18.0,34.0,13.0,14.0,91.0,0.0,116.0,135.0,III,Imperial Age,Hera,Opponents,Ranked,10 April 2025,7,1,0.0,42.0,33.0,2.0,TAG_MbL_,6593.0,6593.0,III,1.0,GL.Hera,6009.0,6009.0,III,,
y5D5FhyDRK4,129,start,Dark Age,200.0,200.0,100.0,200.0,0.0,0.0,0.0,0.0,3.0,3.0,4.0,5.0,I,Dark Age,Hera,Opponents,Ranked,10 April 2025,7,1,0.0,0.0,0.0,,GL.Hera,,,I,,TNG_MbL_,,,I,,
y5D5FhyDRK4,20707,start,Feudal Age,135.0,104.0,20.0,200.0,6.0,6.0,2.0,0.0,19.0,0.0,23.0,25.0,II,Feudal Age,Hera,Opponents,Ranked,10 April 2025,7,1,0.0,9.0,17.0,2.0,TAG_MbL_,916.0,916.0,II,1.0,GL.Hera,888.0,888.0,I,GL.Hera,Celts
y5D5FhyDRK4,43137,start,Castle Age,245.0,194.0,289.0,75.0,15.0,13.0,7.0,0.0,36.0,1.0,49.0,70.0,III,Castle Age,Hera,Opponents,Ranked,10 April 2025,7,1,0.0,19.0,24.0,1.0,GL.Hera,2009.0,2009.0,II,2.0,TAG_MbL_,1823.0,1823.0,II,,
y5D5FhyDRK4,101365,start,Imperial Age,411.0,410.0,333.0,134.0,30.0,41.0,12.0,0.0,100.0,1.0,126.0,160.0,IV,Imperial Age,Hera,Opponents,Ranked,10 April 2025,7,1,0.0,45.0,41.0,2.0,TAG_MbL_,7311.0,7311.0,III,1.0,GL.Hera,6586.0,6586.0,III,GL.Hera,Celts
y5D5FhyDRK4,121588,final,n/a,638.0,542.0,305.0,41.0,43.0,49.0,22.0,,123.0,3.0,186.0,200.0,IV,Imperial Age,Hera,Opponents,Ranked,10 April 2025,7,1,0.0,53.0,53.0,,GL.Hera,11864.0,11864.0,IV,,TAC-MbL,,,IV,TAG_NiK_,
2DJE13bTCZw,14081,click,Feudal Age,43.0,17.0,100.0,200.0,7.0,10.0,0.0,0.0,18.0,0.0,19.0,25.0,I,Feudal Age,Hera,Opponents,7 Games,16 April 2025,2,0,0.0,6.0,17.0,1.0,GL.Hera,566.0,566.0,I,2.0,TAG_MbL_,546.0,546.0,I,GL.Hera,Poles
2DJE13bTCZw,42307,click,Castle Age,543.0,88.0,28.0,160.0,16.0,14.0,11.0,0.0,41.0,0.0,51.0,55.0,II,Castle Age,Hera,Opponents,7 Games,16 April 2025,2,0,0.0,19.0,1.0,1.0,GL.Hera,2107.0,2107.0,II,2.0,TAG_MbL_,1994.0,1994.0,II,,
2DJE13bTCZw,156,start,Dark Age,200.0,200.0,100.0,200.0,,0.0,,0.0,3.0,3.0,4.0,5.0,I,Dark Age,Hera,Opponents,7 Games,16 April 2025,2,0,0.0,10.0,0.0,,GL.Hera,,,II,,,,,I,,
2DJE13bTCZw,18833,start,Feudal Age,144.0,246.0,100.0,200.0,9.0,7.0,0.0,0.0,18.0,1.0,19.0,30.0,II,Feudal Age,Hera,Opponents,7 Games,16 April 2025,2,0,0.0,8.0,25.0,1.0,GL.Hera,731.0,731.0,I,2.0,TAG_MbL_,604.0,604.0,I,GL.Hera,Poles
2DJE13bTCZw,48157,start,Castle Age,417.0,538.0,190.0,160.0,16.0,18.0,2.0,0.0,41.0,1.0,49.0,55.0,III,Castle Age,Hera,Opponents,7 Games,16 April 2025,2,0,0.0,21.0,39.0,1.0,GL.Hera,2421.0,2421.0,II,2.0,TAG_MbL_,24.0,419.0,II,,
2DJE13bTCZw,144223,final,n/a,247.0,467.0,46.0,42.0,0.0,0.0,,0.0,58.0,58.0,75.0,175.0,III,Castle Age,Hera,Opponents,7 Games,16 April 2025,2,0,1.0,1.0,34.0,,TA.Wom,,,IV,,,,,III,,
obesRx8MuvY,14133,click,Feudal Age,45.0,69.0,120.0,200.0,5.0,12.0,1.0,0.0,18.0,0.0,19.0,20.0,I,Feudal Age,Hera,Opponents,Ranked,27 Feb 2025,5,2,0.0,6.0,18.0,2.0,TAG_Sora Kuma,620.0,620.0,I,1.0,GL.Hera,543.0,543.0,I,GL.Hera,Romans
obesRx8MuvY,45760,click,Castle Age,432.0,63.0,143.0,200.0,17.0,23.0,5.0,0.0,45.0,0.0,52.0,70.0,II,Castle Age,Hera,Opponents,Ranked,27 Feb 2025,5,2,0.0,20.0,35.0,1.0,GL.Hera,2276.0,2276.0,II,2.0,TAG_Sora Kuma_,2060.0,2060.0,II,GL.Hera,Romans
obesRx8MuvY,74763,click,Imperial Age,331.0,53.0,887.0,595.0,23.0,39.0,19.0,11.0,96.0,1.0,130.0,155.0,III,Imperial Age,Hera,Opponents,Ranked,27 Feb 2025,5,2,0.0,33.0,41.0,1.0,GL.Hera,5721.0,5721.0,III,2.0,TAG_Sora Kuma,4428.0,4428.0,III,,
obesRx8MuvY,145,start,Dark Age,200.0,200.0,,100.0,,,,,,1.0,,,I,Dark Age,Hera,Opponents,Ranked,27 Feb 2025,5,2,0.0,10.0,0.0,8.0,GL.Hera,,,,2.0,GL.Hera,,,,,
obesRx8MuvY,18885,start,Feudal Age,221.0,320.0,170.0,200.0,10.0,6.0,1.0,0.0,18.0,1.0,19.0,20.0,II,Feudal Age,Hera,Opponents,Ranked,27 Feb 2025,5,2,0.0,8.0,27.0,1.0,GL.Hera,677.0,677.0,I,2.0,TAG_Sora_Kuma,660.0,660.0,I,GL.Hera,Romans
obesRx8MuvY,51610,start,Castle Age,813.0,548.0,333.0,200.0,16.0,24.0,5.0,0.0,45.0,0.0,58.0,70.0,III,Castle Age,Hera,Opponents,Ranked,27 Feb 2025,5,2,0.0,23.0,13.0,1.0,GL.Hera,2942.0,2942.0,II,2.0,TAG_Sora Kuma,2543.0,2543.0,III,GL.Hera,Romans
obesRx8MuvY,87474,start,Imperial Age,934.0,642.0,663.0,237.0,49.0,29.0,23.0,7.0,116.0,7.0,124.0,200.0,IV,Imperial Age,Hera,Opponents,Ranked,27 Feb 2025,5,2,0.0,39.0,31.0,1.0,GL.Hera,8195.0,8195.0,IV,2.0,TAG_Sora Kuma,6163.0,6163.0,III,GL.Hera,Romans
obesRx8MuvY,110218,final,n/a,,,,,,,,,,,,,III,Feudal Age,Hera,Opponents,Ranked,27 Feb 2025,5,2,,,,,,,,,,,,,,,
